DemVegINum,DemVegAñoFRlt,DemVegAñoIni,DemVegAñoFin,DemVegBar,DemVegTasa,DemVegEtaTip,Abr,May,Jun,Jul,Ago,Sep,Oct,Nov,Dic,Ene,Feb,Mar
1,F,2017,2017,Agua Santa 110,0,EtaMes,0.0455624,0.045913339,0.044947415,0.046118589,0.046610207,0.047562749,0.047019123,0.044594304,0.044202538,0.046865302,0.045651896,0.04546219
2,F,2018,2018,Agua Santa 110,0,EtaMes,0.047532894,0.047711585,0.046737699,0.048491466,0.049073714,0.050266676,0.049568065,0.046944308,0.046289203,0.048343484,0.04702354,0.046219257
3,F,2019,2019,Agua Santa 110,0,EtaMes,0.048163458,0.047955631,0.046945785,0.048143429,0.04886108,0.050300215,0.049545389,0.046837692,0.046273875,0.048460578,0.047138978,0.046314455
4,F,2020,2020,Agua Santa 110,0,EtaMes,0.048281186,0.048092008,0.047085418,0.048295661,0.049002515,0.050434541,0.049666127,0.046945669,0.046365485,0.048463997,0.047149282,0.046300036
5,F,2021,2021,Agua Santa 110,0,EtaMes,0.048276572,0.048098237,0.047089576,0.04831099,0.049010316,0.050441079,0.04966343,0.046936084,0.046345503,0.048364661,0.047047714,0.046212942
6,F,2022,2022,Agua Santa 110,0,EtaMes,0.048174684,0.047996433,0.04698164,0.048199622,0.048904721,0.05033097,0.049565005,0.046846035,0.046252459,0.048249968,0.04693219,0.046111117
7,F,2023,2023,Agua Santa 110,0,EtaMes,0.04805459,0.047875091,0.046852111,0.048067585,0.048778586,0.050201368,0.04944845,0.046740014,0.04614508,0.048113964,0.04679554,0.045987686
8,F,2024,2024,Agua Santa 110,0,EtaMes,0.0479108,0.047729801,0.046698761,0.047911224,0.048627768,0.05004699,0.049308524,0.046612825,0.046017282,0.048018642,0.046699735,0.045901889
9,F,2025,2025,Agua Santa 110,0,EtaMes,0.047809396,0.047626758,0.046589239,0.047799601,0.048520329,0.049937572,0.049210395,0.046524361,0.045928514,0.047926078,0.046607566,0.045817076
10,F,2026,2026,Agua Santa 110,0,EtaMes,0.047711341,0.047527122,0.046484966,0.047692982,0.048416737,0.049832142,0.049113503,0.046436042,0.045841397,0.047822019,0.046504225,0.045721221
11,F,2027,2027,Agua Santa 110,0,EtaMes,0.047601817,0.047416008,0.04636935,0.047574577,0.048301183,0.049714464,0.049004478,0.046336554,0.045743344,0.047716122,0.046399014,0.045623264
12,F,2028,2028,Agua Santa 110,0,EtaMes,0.047490283,0.0473029,0.04625188,0.047454408,0.048183653,0.049594818,0.048893468,0.04623527,0.045643482,0.047607969,0.046291576,0.045522902
13,F,2029,2029,Agua Santa 110,0,EtaMes,0.047376265,0.047187366,0.046132118,0.04733191,0.048063618,0.049472646,0.048780013,0.046131782,0.045541463,0.047500772,0.046185071,0.045423101
14,F,2030,2030,Agua Santa 110,0,EtaMes,0.047263075,0.047072722,0.046013416,0.047210568,0.047944506,0.049351518,0.048667601,0.04602931,0.045440329,0.047406939,0.04609172,0.045335553
15,F,2031,*,Agua Santa 110,0,EtaMes,0.047163241,0.046971506,0.045908235,0.047103228,0.047839233,0.049244792,0.048569344,0.04594006,0.045351936,0.047300623,0.04598605,0.045235986
16,F,2017,2017,Alto Jahuel 110,0,EtaMes,0.076943205,0.078945961,0.080336001,0.079044627,0.078349537,0.077131203,0.076226312,0.074644672,0.073019815,0.07207233,0.072147526,0.074663705
17,F,2018,2018,Alto Jahuel 110,0,EtaMes,0.079450769,0.081222351,0.082691273,0.082265183,0.081610846,0.080646464,0.079503376,0.077739275,0.075782507,0.075382297,0.075296032,0.077028855
18,F,2019,2019,Alto Jahuel 110,0,EtaMes,0.081725826,0.082967539,0.084498244,0.083107523,0.082607038,0.081991201,0.080717837,0.078738649,0.076923354,0.075848816,0.075752368,0.077509645
19,F,2020,2020,Alto Jahuel 110,0,EtaMes,0.082263931,0.083539317,0.085081991,0.083680722,0.083171969,0.082533378,0.081242499,0.079250183,0.077394938,0.076266723,0.076165689,0.077943142
20,F,2021,2021,Alto Jahuel 110,0,EtaMes,0.082742711,0.08404047,0.085586489,0.084179501,0.083668184,0.083019195,0.081713239,0.079705564,0.077818625,0.076420047,0.07631916,0.078103782
21,F,2022,2022,Alto Jahuel 110,0,EtaMes,0.082917958,0.08422465,0.085771156,0.084360995,0.083851798,0.083200968,0.081886861,0.079870362,0.077971834,0.076593294,0.076494272,0.078285749
22,F,2023,2023,Alto Jahuel 110,0,EtaMes,0.083114707,0.084429517,0.085973621,0.084562714,0.084055792,0.083404334,0.082081401,0.08005524,0.078146139,0.076807707,0.076710169,0.078508389
23,F,2024,2024,Alto Jahuel 110,0,EtaMes,0.083354814,0.084678301,0.086220236,0.084808118,0.084303218,0.083651041,0.082319241,0.08028241,0.078361903,0.07697196,0.076875786,0.078680108
24,F,2025,2025,Alto Jahuel 110,0,EtaMes,0.083540027,0.084869974,0.086410341,0.084997451,0.084494375,0.083841804,0.082503643,0.080458443,0.078529333,0.077071308,0.076976456,0.078783452
25,F,2026,2026,Alto Jahuel 110,0,EtaMes,0.08365021,0.08498428,0.086522876,0.085109953,0.084609362,0.083957313,0.082614478,0.080563733,0.078631002,0.077181454,0.077088123,0.078897709
26,F,2027,2027,Alto Jahuel 110,0,EtaMes,0.083772367,0.085110707,0.086647409,0.085234086,0.08473604,0.084084432,0.08273647,0.080680072,0.078743512,0.077301387,0.07720945,0.079021609
27,F,2028,2028,Alto Jahuel 110,0,EtaMes,0.08390514,0.085247883,0.086782786,0.085369159,0.084873508,0.084222187,0.082868999,0.080806596,0.078865791,0.077430936,0.077340339,0.079155153
28,F,2029,2029,Alto Jahuel 110,0,EtaMes,0.084048263,0.085395601,0.086928829,0.08551476,0.085021374,0.084370192,0.083011798,0.080943157,0.078997815,0.07757571,0.077486402,0.079304004
29,F,2030,2030,Alto Jahuel 110,0,EtaMes,0.084207899,0.085559971,0.087091776,0.085677055,0.085185683,0.084534519,0.083171037,0.081095764,0.079145256,0.077742239,0.077654195,0.079475006
30,F,2031,*,Alto Jahuel 110,0,EtaMes,0.084391534,0.08574841,0.087279297,0.085863519,0.085373805,0.084722488,0.083354312,0.081271756,0.079314975,0.077914027,0.077827134,0.079651062
31,F,2017,2017,Alto Jahuel 154,0,EtaMes,0.036505811,0.03534217,0.03515623,0.034346597,0.033404378,0.033373613,0.033363974,0.034775163,0.035236867,0.03433742,0.03688285,0.038261532
32,F,2018,2018,Alto Jahuel 154,0,EtaMes,0.037953807,0.03660337,0.036438883,0.035992997,0.035050144,0.035150209,0.035047997,0.03648149,0.03677721,0.035598925,0.038176816,0.039105997
33,F,2019,2019,Alto Jahuel 154,0,EtaMes,0.038664947,0.036990472,0.036802304,0.03592785,0.03508813,0.035361914,0.035219932,0.036594231,0.036961282,0.03594782,0.038543993,0.039492075
34,F,2020,2020,Alto Jahuel 154,0,EtaMes,0.039066051,0.037390635,0.037208853,0.036326657,0.035470027,0.035734013,0.035583355,0.03696726,0.037323515,0.036233631,0.038846982,0.039809863
35,F,2021,2021,Alto Jahuel 154,0,EtaMes,0.039393686,0.037714337,0.037533717,0.036646587,0.035778583,0.036038646,0.035881216,0.037271753,0.037619963,0.036324905,0.038944867,0.039912184
36,F,2022,2022,Alto Jahuel 154,0,EtaMes,0.039498718,0.037818208,0.037637049,0.036747994,0.035877131,0.036136539,0.035975895,0.037366876,0.037711772,0.036428296,0.039056554,0.040028393
37,F,2023,2023,Alto Jahuel 154,0,EtaMes,0.039617133,0.037934528,0.037751403,0.036861359,0.035987456,0.036246855,0.036082701,0.037474357,0.037816634,0.036558196,0.039196327,0.040173139
38,F,2024,2024,Alto Jahuel 154,0,EtaMes,0.039764214,0.038078588,0.037893409,0.037001899,0.036124228,0.036383781,0.036216074,0.037609264,0.037949087,0.036655846,0.039301554,0.040282608
39,F,2025,2025,Alto Jahuel 154,0,EtaMes,0.03987564,0.038187588,0.038000695,0.037108166,0.036227677,0.036487415,0.036317214,0.037711428,0.038049255,0.036709909,0.039360241,0.04034302
40,F,2026,2026,Alto Jahuel 154,0,EtaMes,0.039936876,0.03824745,0.0380589,0.037166117,0.036284307,0.036544362,0.036372425,0.037766698,0.03810376,0.036771143,0.039426678,0.040411289
41,F,2027,2027,Alto Jahuel 154,0,EtaMes,0.040006201,0.038315138,0.038124824,0.037231553,0.036348249,0.036608626,0.036434738,0.03782935,0.038165671,0.036839121,0.039500233,0.040486828
42,F,2028,2028,Alto Jahuel 154,0,EtaMes,0.040083008,0.038390084,0.038198006,0.037304212,0.03641919,0.036679875,0.03650397,0.037899089,0.038234588,0.036913687,0.039580777,0.040569554
43,F,2029,2029,Alto Jahuel 154,0,EtaMes,0.040167084,0.03847211,0.038278281,0.037383826,0.036496878,0.036757859,0.036579924,0.037975762,0.038310416,0.036998615,0.039672333,0.040663602
44,F,2030,2030,Alto Jahuel 154,0,EtaMes,0.040262642,0.03856524,0.038369703,0.037474375,0.036585163,0.036846473,0.036666529,0.038063421,0.038397123,0.03709866,0.039779966,0.040774321
45,F,2031,*,Alto Jahuel 154,0,EtaMes,0.040375135,0.038674708,0.038477592,0.037581025,0.036689096,0.036950804,0.036768971,0.038167395,0.03849991,0.037202219,0.039891293,0.040888753
46,F,2017,2017,Ancoa 220,0,EtaMes,0.001066456,0.001099481,0.001070688,0.001017826,0.001062476,0.001138388,0.001203302,0.001216321,0.001387852,0.001615162,0.001497428,0.001308176
47,F,2018,2018,Ancoa 220,0,EtaMes,0.001126049,0.001156431,0.001127055,0.001083235,0.001132184,0.001217601,0.00128368,0.001295761,0.001470818,0.001679272,0.001554359,0.001340817
48,F,2019,2019,Ancoa 220,0,EtaMes,0.001150336,0.001171913,0.001141445,0.001084259,0.001136555,0.001228343,0.001293592,0.001303421,0.001482361,0.001699546,0.001572811,0.001357039
49,F,2020,2020,Ancoa 220,0,EtaMes,0.001164745,0.001187124,0.001156491,0.001098601,0.001151365,0.001243928,0.001309774,0.001319589,0.001500218,0.001716504,0.001588335,0.001370652
50,F,2021,2021,Ancoa 220,0,EtaMes,0.001176746,0.001199686,0.001168786,0.001110358,0.001163582,0.001256931,0.001323294,0.001333058,0.001515137,0.001729466,0.001600273,0.001380952
51,F,2022,2022,Ancoa 220,0,EtaMes,0.001185546,0.001208781,0.001177586,0.001118718,0.001172372,0.00126642,0.001333246,0.001343015,0.001526379,0.001741571,0.00161146,0.001390604
52,F,2023,2023,Ancoa 220,0,EtaMes,0.001193796,0.001217302,0.001185793,0.001126553,0.001180609,0.001275326,0.001342567,0.001352322,0.001536894,0.001752723,0.001621761,0.001399498
53,F,2024,2024,Ancoa 220,0,EtaMes,0.001201439,0.001225212,0.001193416,0.001133843,0.001188262,0.001283593,0.001351204,0.001360924,0.001546586,0.001759767,0.001628278,0.00140515
54,F,2025,2025,Ancoa 220,0,EtaMes,0.001206312,0.001230264,0.001198275,0.0011385,0.001193151,0.001288873,0.001356712,0.00136639,0.001552723,0.001763207,0.001631475,0.001407899
55,F,2026,2026,Ancoa 220,0,EtaMes,0.001208665,0.00123271,0.001200596,0.001140736,0.001195508,0.00129143,0.001359365,0.001369004,0.001555673,0.001766194,0.001634259,0.001410293
56,F,2027,2027,Ancoa 220,0,EtaMes,0.001210732,0.001234866,0.001202638,0.001142706,0.001197583,0.001293679,0.001361681,0.001371275,0.001558227,0.001768817,0.001636706,0.0014124
57,F,2028,2028,Ancoa 220,0,EtaMes,0.001212569,0.00123679,0.001204458,0.001144471,0.001199438,0.001295685,0.001363737,0.001373279,0.001560466,0.00177108,0.00163882,0.001414225
58,F,2029,2029,Ancoa 220,0,EtaMes,0.001214178,0.001238483,0.001206058,0.001146029,0.001201073,0.001297449,0.001365535,0.001375018,0.001562396,0.001772938,0.001640559,0.001415734
59,F,2030,2030,Ancoa 220,0,EtaMes,0.001215535,0.001239923,0.001207419,0.001147361,0.001202466,0.001298947,0.00136705,0.001376466,0.00156398,0.0017745,0.001642025,0.00141702
60,F,2031,*,Ancoa 220,0,EtaMes,0.001216728,0.001241196,0.00120863,0.001148554,0.001203706,0.001300274,0.001368386,0.001377726,0.001565326,0.001775679,0.001643136,0.001418001
61,F,2017,2017,Rahue 220,0,EtaMes,0.017552235,0.017547603,0.016910263,0.017025086,0.018365055,0.019543091,0.020038153,0.019520253,0.018898476,0.020161911,0.019415751,0.018873823
62,F,2018,2018,Rahue 220,0,EtaMes,0.018507676,0.01843271,0.01777679,0.018090501,0.01953895,0.02087036,0.02134144,0.020760023,0.01999356,0.020790127,0.019983574,0.019188099
63,F,2019,2019,Rahue 220,0,EtaMes,0.018761841,0.018537745,0.017864707,0.017961654,0.019457025,0.020886019,0.021333251,0.020714744,0.01999101,0.020857451,0.020038905,0.019252659
64,F,2020,2020,Rahue 220,0,EtaMes,0.018845417,0.018630402,0.017956144,0.01804939,0.019548571,0.020982055,0.021424695,0.020799472,0.020063122,0.020842155,0.020016338,0.01924244
65,F,2021,2021,Rahue 220,0,EtaMes,0.018855242,0.018647215,0.017972436,0.018061892,0.019560536,0.020996622,0.021433667,0.020803295,0.020057199,0.020784547,0.019954048,0.019193482
66,F,2022,2022,Rahue 220,0,EtaMes,0.018827731,0.018624176,0.017949565,0.01803348,0.019530217,0.020970733,0.021402427,0.020767616,0.020013367,0.020735116,0.019899814,0.019152586
67,F,2023,2023,Rahue 220,0,EtaMes,0.018808925,0.018609646,0.017934468,0.018013443,0.019508978,0.020955299,0.021381541,0.020741584,0.019978339,0.020682124,0.019841918,0.019108168
68,F,2024,2024,Rahue 220,0,EtaMes,0.018787024,0.0185922,0.017916736,0.0179909,0.019484896,0.020936839,0.021357516,0.020712372,0.019939923,0.02061517,0.019771605,0.019049917
69,F,2025,2025,Rahue 220,0,EtaMes,0.018745433,0.01855434,0.017879218,0.017948966,0.019439409,0.020892586,0.021308136,0.020660581,0.019883522,0.020577406,0.019729694,0.019018213
70,F,2026,2026,Rahue 220,0,EtaMes,0.018728029,0.018539775,0.017864309,0.01792977,0.019418512,0.020873878,0.021285274,0.02063528,0.01985395,0.020549073,0.019696681,0.018995445
71,F,2027,2027,Rahue 220,0,EtaMes,0.018720578,0.018535174,0.01785913,0.01792027,0.01940813,0.020866871,0.021274134,0.020621064,0.019834282,0.020517237,0.01966028,0.018969271
72,F,2028,2028,Rahue 220,0,EtaMes,0.018709571,0.018527067,0.017850608,0.017907552,0.019394183,0.020855889,0.021258911,0.020602923,0.019810893,0.02048228,0.019620882,0.018940088
73,F,2029,2029,Rahue 220,0,EtaMes,0.01869533,0.018515783,0.017839063,0.017891886,0.019376973,0.020841258,0.021239976,0.020581248,0.019784193,0.020440516,0.019575005,0.018904376
74,F,2030,2030,Rahue 220,0,EtaMes,0.018674039,0.018497506,0.017820791,0.017869599,0.019352491,0.02081853,0.021212855,0.020551797,0.019750309,0.02038348,0.019514671,0.018854059
75,F,2031,*,Rahue 220,0,EtaMes,0.018636663,0.018463219,0.017787016,0.017831965,0.019311243,0.020777068,0.021166833,0.020504472,0.019700178,0.020330003,0.019457649,0.018807101
76,F,2017,2017,Cardones 220,0,EtaMes,0.015986969,0.015360568,0.014682083,0.014931761,0.016001428,0.017541008,0.019346229,0.019357446,0.019551714,0.020424223,0.019698985,0.019092352
77,F,2018,2018,Cardones 220,0,EtaMes,0.016680708,0.015965069,0.015272542,0.015703798,0.016849753,0.018539582,0.020393806,0.0203769,0.020473952,0.021125111,0.020342479,0.019468205
78,F,2019,2019,Cardones 220,0,EtaMes,0.016953783,0.016096399,0.015389042,0.015638972,0.016828821,0.018607852,0.020446164,0.020392244,0.020528365,0.02112549,0.02033913,0.01946988
79,F,2020,2020,Cardones 220,0,EtaMes,0.01696346,0.016112704,0.015408072,0.015659139,0.016846941,0.01862129,0.020456811,0.020400411,0.020528715,0.021038533,0.020253577,0.01939153
80,F,2021,2021,Cardones 220,0,EtaMes,0.016900701,0.016057437,0.015356296,0.015607702,0.016789826,0.018555016,0.020380897,0.020322076,0.020444041,0.020857341,0.020079132,0.019225445
81,F,2022,2022,Cardones 220,0,EtaMes,0.016757361,0.015922681,0.015227363,0.015476878,0.016648903,0.018398639,0.020207577,0.020147587,0.02026637,0.020693023,0.019921343,0.019075162
82,F,2023,2023,Cardones 220,0,EtaMes,0.016627587,0.015800638,0.015110034,0.015358344,0.016521254,0.018257234,0.020050603,0.019989315,0.02010538,0.020536555,0.019770929,0.018931803
83,F,2024,2024,Cardones 220,0,EtaMes,0.01650398,0.015684549,0.014998429,0.015245683,0.01639989,0.018122775,0.019901336,0.019838684,0.019952083,0.02041939,0.019658364,0.018824734
84,F,2025,2025,Cardones 220,0,EtaMes,0.016411674,0.015597808,0.014914963,0.015161459,0.016309182,0.018022335,0.019789951,0.019726236,0.019837616,0.02034168,0.019583875,0.018753484
85,F,2026,2026,Cardones 220,0,EtaMes,0.016349904,0.015539642,0.014858754,0.015104777,0.01624826,0.017955044,0.019715276,0.019650817,0.019761271,0.020271171,0.019516344,0.018688855
86,F,2027,2027,Cardones 220,0,EtaMes,0.016294016,0.015487094,0.014807894,0.015053507,0.016193163,0.017894171,0.019647559,0.019582353,0.01969191,0.020207318,0.019455161,0.018630291
87,F,2028,2028,Cardones 220,0,EtaMes,0.016243519,0.015439704,0.014761985,0.015007318,0.016143509,0.017839284,0.019586407,0.019520394,0.019629027,0.02015052,0.01940073,0.018578201
88,F,2029,2029,Cardones 220,0,EtaMes,0.016198718,0.01539777,0.014721314,0.014966463,0.016099574,0.017790689,0.019532182,0.019465329,0.019573043,0.020099712,0.019352013,0.018531599
89,F,2030,2030,Cardones 220,0,EtaMes,0.016158796,0.015360512,0.014685155,0.014930209,0.016060554,0.017747509,0.019483949,0.019416211,0.019522947,0.02005401,0.019308146,0.018489726
90,F,2031,*,Cardones 220,0,EtaMes,0.016123156,0.015327364,0.014653012,0.01489804,0.016025898,0.017709132,0.019441102,0.01937241,0.019478016,0.020016397,0.019272029,0.018455239
91,F,2017,2017,Cautin 220,0,EtaMes,0.001085003,0.001107262,0.001108229,0.001071918,0.0010328,0.001129506,0.001226277,0.001496344,0.001272663,0.001289372,0.00140471,0.001052523
92,F,2018,2018,Cautin 220,0,EtaMes,0.001150465,0.001169521,0.001171513,0.001145643,0.001105211,0.001213188,0.001313665,0.001600721,0.001354329,0.001336615,0.001453856,0.001075655
93,F,2019,2019,Cautin 220,0,EtaMes,0.001171926,0.001181791,0.001183102,0.001143478,0.001106318,0.001220391,0.001319998,0.001605526,0.00136098,0.001344633,0.00146231,0.00108218
94,F,2020,2020,Cautin 220,0,EtaMes,0.001179607,0.001190062,0.001191649,0.001151799,0.001114132,0.001228576,0.001328583,0.001615774,0.001369142,0.001348934,0.001466855,0.001085742
95,F,2021,2021,Cautin 220,0,EtaMes,0.001183876,0.001194692,0.001196368,0.001156448,0.001118511,0.001233195,0.001333375,0.001621392,0.00137351,0.001353826,0.001472173,0.001089732
96,F,2022,2022,Cautin 220,0,EtaMes,0.001188326,0.001199291,0.001200969,0.001160912,0.001122815,0.001237898,0.001338357,0.001627316,0.001378383,0.001358442,0.001477223,0.001093516
97,F,2023,2023,Cautin 220,0,EtaMes,0.001192539,0.001203639,0.001205274,0.001165128,0.001126884,0.00124236,0.00134307,0.001632901,0.001382991,0.001362615,0.001481777,0.001096925
98,F,2024,2024,Cautin 220,0,EtaMes,0.001196356,0.001207597,0.00120919,0.001168973,0.00113059,0.001246423,0.001347354,0.00163796,0.001387151,0.001366267,0.001485765,0.00109992
99,F,2025,2025,Cautin 220,0,EtaMes,0.001199698,0.001211046,0.001212601,0.001172319,0.001133819,0.001249969,0.001351112,0.001642411,0.001390824,0.001369909,0.001489751,0.001102875
100,F,2026,2026,Cautin 220,0,EtaMes,0.001202947,0.001214368,0.001215879,0.001175523,0.001136922,0.001253392,0.001354758,0.00164676,0.001394472,0.001373438,0.001493616,0.001105739
101,F,2027,2027,Cautin 220,0,EtaMes,0.001206104,0.0012176,0.001219065,0.001178637,0.001139937,0.001256717,0.001358291,0.001650973,0.001398003,0.001376812,0.001497307,0.001108473
102,F,2028,2028,Cautin 220,0,EtaMes,0.001209128,0.001220701,0.00122212,0.001181629,0.001142833,0.001259908,0.001361678,0.001655005,0.001401376,0.00138005,0.001500848,0.001111096
103,F,2029,2029,Cautin 220,0,EtaMes,0.001212036,0.001223688,0.001225062,0.001184513,0.001145623,0.001262981,0.001364939,0.00165888,0.001404613,0.001383053,0.00150413,0.001113529
104,F,2030,2030,Cautin 220,0,EtaMes,0.001214743,0.001226476,0.001227809,0.001187208,0.001148229,0.001265849,0.00136798,0.001662487,0.001407617,0.001385692,0.001507011,0.001115669
105,F,2031,*,Cautin 220,0,EtaMes,0.001217144,0.001228959,0.001230256,0.001189616,0.001150554,0.001268406,0.001370693,0.001665689,0.001410264,0.001388274,0.001509826,0.00111776
106,F,2017,2017,Cerro Navia 110,0,EtaMes,0.107953043,0.109379493,0.109269542,0.109665906,0.108712468,0.108318308,0.107045118,0.107858586,0.103799386,0.09992261,0.097534892,0.097511447
107,F,2018,2018,Cerro Navia 110,0,EtaMes,0.099212832,0.101674235,0.100998158,0.099159463,0.097890652,0.096264412,0.095385636,0.096623172,0.093387404,0.087033797,0.08583444,0.087564412
108,F,2019,2019,Cerro Navia 110,0,EtaMes,0.089455616,0.094316783,0.093456809,0.094336016,0.092139452,0.088900476,0.088948258,0.091016251,0.08752583,0.085718428,0.084520033,0.086242725
109,F,2020,2020,Cerro Navia 110,0,EtaMes,0.088141102,0.092965272,0.092141726,0.093010432,0.090832055,0.087614324,0.08764049,0.089664082,0.086200192,0.084892304,0.083697136,0.085416427
110,F,2021,2021,Cerro Navia 110,0,EtaMes,0.087320018,0.092120207,0.091312557,0.092177972,0.090013332,0.086813863,0.086824553,0.088816728,0.085365539,0.084652386,0.083462124,0.085178673
111,F,2022,2022,Cerro Navia 110,0,EtaMes,0.087082809,0.091879797,0.091073159,0.091936293,0.089774837,0.086580704,0.086585478,0.088568352,0.085116542,0.084405611,0.083222291,0.084935137
112,F,2023,2023,Cerro Navia 110,0,EtaMes,0.086838577,0.091631301,0.090822293,0.091685851,0.089527802,0.086340628,0.086339123,0.08831257,0.084861636,0.084130257,0.082953524,0.084661366
113,F,2024,2024,Cerro Navia 110,0,EtaMes,0.086563872,0.091351086,0.090540233,0.09140417,0.089250291,0.086071382,0.08606379,0.088026881,0.084578232,0.08394079,0.082769021,0.084474473
114,F,2025,2025,Cerro Navia 110,0,EtaMes,0.086376825,0.091160674,0.090347796,0.091212424,0.089061341,0.08588819,0.085876515,0.08783199,0.084384176,0.08384645,0.082678427,0.084381103
115,F,2026,2026,Cerro Navia 110,0,EtaMes,0.086282436,0.091065413,0.090249227,0.091114874,0.088965239,0.085795386,0.085780892,0.087732119,0.084285028,0.083740002,0.082576022,0.08427543
116,F,2027,2027,Cerro Navia 110,0,EtaMes,0.086175962,0.090957548,0.090138035,0.09100439,0.088856563,0.085690427,0.085672699,0.087619493,0.084173634,0.083624381,0.082464295,0.084160167
117,F,2028,2028,Cerro Navia 110,0,EtaMes,0.086060159,0.090839954,0.090017351,0.090884607,0.08873878,0.085576632,0.085555581,0.087497496,0.08405307,0.083500259,0.082343991,0.084036179
118,F,2029,2029,Cerro Navia 110,0,EtaMes,0.085935629,0.09071332,0.089887885,0.090755983,0.08861236,0.085454461,0.085430118,0.087366852,0.083924162,0.083363978,0.082211432,0.083899732
119,F,2030,2030,Cerro Navia 110,0,EtaMes,0.085798749,0.090573742,0.089745925,0.090614798,0.088473645,0.08532048,0.085292982,0.087224057,0.08378336,0.083212395,0.082063389,0.083747883
120,F,2031,*,Cerro Navia 110,0,EtaMes,0.085646795,0.090418225,0.08958884,0.090458322,0.088320123,0.085172357,0.08514207,0.087066696,0.083628117,0.08305256,0.081907074,0.083587386
121,F,2017,2017,Charrua 220,0,EtaMes,0.109616287,0.111452823,0.110670119,0.111333554,0.112612741,0.110192515,0.110371565,0.108968741,0.114265088,0.116776898,0.113470691,0.112980321
122,F,2018,2018,Charrua 220,0,EtaMes,0.114732907,0.11616825,0.115436386,0.117425771,0.118930592,0.116858279,0.116828528,0.115296585,0.120385709,0.121522877,0.117890032,0.115829651
123,F,2019,2019,Charrua 220,0,EtaMes,0.117150194,0.11765592,0.116841105,0.117476468,0.119331269,0.117854826,0.11775194,0.116064624,0.121546035,0.123052906,0.119347788,0.117228377
124,F,2020,2020,Charrua 220,0,EtaMes,0.118544656,0.119101502,0.118299701,0.118954184,0.120809545,0.119292896,0.119211393,0.1175443,0.123102031,0.124300391,0.120541738,0.118365735
125,F,2021,2021,Charrua 220,0,EtaMes,0.119665569,0.120254597,0.119450855,0.120124146,0.121987511,0.120452287,0.120392482,0.11874285,0.124367613,0.124951611,0.121164292,0.118926838
126,F,2022,2022,Charrua 220,0,EtaMes,0.12017814,0.120772999,0.119961012,0.120640866,0.122515416,0.120985128,0.120949196,0.119333555,0.125011876,0.125598725,0.121785364,0.119490373
127,F,2023,2023,Charrua 220,0,EtaMes,0.120697863,0.121299905,0.12047587,0.121165182,0.123051463,0.121525916,0.121506248,0.119918979,0.125643979,0.126281761,0.122440611,0.120091607
128,F,2024,2024,Charrua 220,0,EtaMes,0.121263118,0.121875992,0.121040542,0.121739252,0.123637593,0.122113867,0.122104974,0.120539709,0.126305382,0.126775337,0.122914804,0.12052756
129,F,2025,2025,Charrua 220,0,EtaMes,0.121674003,0.122296379,0.121452274,0.122158036,0.124066191,0.122543098,0.122541972,0.120991836,0.126783838,0.127050354,0.123180625,0.120767245
130,F,2026,2026,Charrua 220,0,EtaMes,0.12189723,0.12252707,0.121675898,0.122386318,0.124302219,0.122780445,0.122780422,0.121238529,0.127041802,0.127335384,0.123455699,0.121016913
131,F,2027,2027,Charrua 220,0,EtaMes,0.122130014,0.122769965,0.121911774,0.122627452,0.124550699,0.123028765,0.123027933,0.121492978,0.127306289,0.127630986,0.123740803,0.121277416
132,F,2028,2028,Charrua 220,0,EtaMes,0.122375954,0.123026819,0.122161826,0.122883115,0.124813688,0.123290663,0.123287949,0.121758343,0.127580575,0.127937333,0.124036204,0.121549109
133,F,2029,2029,Charrua 220,0,EtaMes,0.122634937,0.123297576,0.122426026,0.123152937,0.125090849,0.123565829,0.123560374,0.122034769,0.127865076,0.128263343,0.124350524,0.121840627
134,F,2030,2030,Charrua 220,0,EtaMes,0.122916255,0.12359161,0.122713923,0.123446568,0.125391796,0.123863665,0.123854923,0.122331573,0.128169306,0.128624761,0.124699179,0.122166746
135,F,2031,*,Charrua 220,0,EtaMes,0.123235332,0.123924144,0.123041022,0.123779674,0.12573214,0.1241997,0.124187442,0.122664547,0.128510362,0.128986862,0.125048416,0.122494576
136,F,2017,2017,Chena 110,0,EtaMes,0.08010664,0.081491749,0.083281469,0.083821779,0.083184093,0.082053531,0.079636653,0.078512831,0.076183312,0.072478056,0.07193332,0.071275911
137,F,2018,2018,Chena 110,0,EtaMes,0.075086482,0.077267786,0.079238236,0.078293935,0.077248909,0.075748926,0.073408016,0.071886638,0.070463961,0.068820761,0.068218939,0.068023335
138,F,2019,2019,Chena 110,0,EtaMes,0.072699213,0.076148278,0.077882029,0.078880844,0.07741781,0.075486836,0.073305515,0.071756447,0.069965833,0.067868169,0.067280751,0.067113131
139,F,2020,2020,Chena 110,0,EtaMes,0.071742003,0.075160843,0.076890311,0.07789078,0.076435495,0.074508687,0.072332093,0.070807552,0.069021835,0.067288365,0.066712875,0.066564821
140,F,2021,2021,Chena 110,0,EtaMes,0.071165517,0.074564339,0.076286143,0.077291841,0.075843702,0.073923567,0.071746797,0.070234298,0.068448878,0.067157398,0.066586559,0.066443672
141,F,2022,2022,Chena 110,0,EtaMes,0.071038233,0.07443416,0.076152847,0.077159887,0.075714454,0.073796212,0.071615933,0.070102817,0.068315037,0.067027533,0.066462966,0.066324888
142,F,2023,2023,Chena 110,0,EtaMes,0.070912406,0.074304498,0.076017317,0.077028305,0.075585886,0.073670798,0.071486403,0.069972458,0.068183556,0.066880076,0.066322127,0.066188813
143,F,2024,2024,Chena 110,0,EtaMes,0.070767882,0.074154987,0.075861628,0.076877068,0.075438115,0.073526913,0.071338781,0.069824709,0.068035413,0.066781534,0.066228557,0.066099506
144,F,2025,2025,Chena 110,0,EtaMes,0.070673322,0.074057252,0.075759196,0.07677828,0.075341713,0.073433235,0.071242331,0.069727596,0.067937483,0.066741409,0.066191592,0.066063697
145,F,2026,2026,Chena 110,0,EtaMes,0.07063472,0.074017673,0.075715803,0.076737586,0.075302552,0.073395766,0.071202298,0.0696861,0.067896058,0.066693671,0.06614742,0.06602066
146,F,2027,2027,Chena 110,0,EtaMes,0.070588614,0.073970136,0.075664147,0.076688542,0.075255286,0.0733504,0.071154145,0.069636876,0.067847164,0.066639555,0.06609695,0.065971394
147,F,2028,2028,Chena 110,0,EtaMes,0.070536073,0.073915805,0.075605633,0.076632938,0.075201547,0.073298681,0.071099673,0.069581468,0.06779211,0.06657953,0.066040702,0.065916496
148,F,2029,2029,Chena 110,0,EtaMes,0.07047751,0.073855166,0.07554078,0.076571078,0.07514165,0.073240919,0.071039289,0.069520369,0.067731478,0.066510998,0.065976173,0.065853535
149,F,2030,2030,Chena 110,0,EtaMes,0.070410405,0.073785443,0.075466861,0.076500294,0.07507294,0.073174603,0.070970608,0.069451279,0.067662871,0.066430907,0.065900422,0.065779895
150,F,2031,*,Chena 110,0,EtaMes,0.070332086,0.073703707,0.07538111,0.076417799,0.074992743,0.07309717,0.070891318,0.069371931,0.067583833,0.066345807,0.065819712,0.065701245
151,F,2017,2017,Colbun 220,0,EtaMes,0.000207074,0.000196951,0.000229453,0.000215943,0.000220431,0.000166147,0.000173955,0.000241505,0.000251928,0.000252889,0.000218098,0.000183057
152,F,2018,2018,Colbun 220,0,EtaMes,0.000218064,0.000206601,0.000240895,0.000229215,0.00023427,0.000177234,0.000185075,0.000256582,0.000266258,0.000262332,0.000225882,0.000187207
153,F,2019,2019,Colbun 220,0,EtaMes,0.000222283,0.00020891,0.000243443,0.000228937,0.000234664,0.000178407,0.000186094,0.000257527,0.000267747,0.000264733,0.000227908,0.000188933
154,F,2020,2020,Colbun 220,0,EtaMes,0.000224441,0.000211032,0.00024597,0.000231326,0.000237062,0.000180167,0.000187891,0.000259983,0.000270197,0.000266673,0.000229557,0.000190335
155,F,2021,2021,Colbun 220,0,EtaMes,0.00022618,0.000212724,0.00024796,0.000233215,0.000238973,0.000181588,0.000189345,0.00026196,0.000272174,0.000267174,0.000229988,0.000190702
156,F,2022,2022,Colbun 220,0,EtaMes,0.000226635,0.000213172,0.000248481,0.000233708,0.000239475,0.000181964,0.000189721,0.00026246,0.000272665,0.000267744,0.000230483,0.000191121
157,F,2023,2023,Colbun 220,0,EtaMes,0.000227149,0.000213672,0.000249054,0.000234258,0.000240037,0.000182387,0.000190147,0.000263026,0.000273228,0.000268492,0.000231129,0.000191663
158,F,2024,2024,Colbun 220,0,EtaMes,0.000227812,0.000214315,0.000249794,0.000234966,0.00024076,0.000182933,0.0001907,0.000263767,0.000273974,0.000268999,0.000231568,0.000192035
159,F,2025,2025,Colbun 220,0,EtaMes,0.000228268,0.000214758,0.000250301,0.000235452,0.000241257,0.000183308,0.000191081,0.000264275,0.000274482,0.000269175,0.000231724,0.000192165
160,F,2026,2026,Colbun 220,0,EtaMes,0.000228428,0.000214915,0.000250474,0.000235623,0.000241432,0.000183442,0.000191213,0.000264444,0.000274651,0.000269393,0.000231916,0.000192324
161,F,2027,2027,Colbun 220,0,EtaMes,0.000228624,0.000215107,0.000250688,0.000235831,0.000241645,0.000183604,0.000191374,0.000264653,0.000274861,0.000269654,0.000232144,0.000192513
162,F,2028,2028,Colbun 220,0,EtaMes,0.000228857,0.000215335,0.000250943,0.000236078,0.0002419,0.000183797,0.000191566,0.000264905,0.000275115,0.000269956,0.000232407,0.000192732
163,F,2029,2029,Colbun 220,0,EtaMes,0.000229126,0.000215597,0.000251239,0.000236364,0.000242193,0.000184019,0.000191789,0.0002652,0.000275412,0.000270327,0.000232729,0.000193
164,F,2030,2030,Colbun 220,0,EtaMes,0.000229453,0.000215915,0.0002516,0.000236712,0.000242549,0.00018429,0.000192063,0.000265564,0.00027578,0.000270803,0.00023314,0.000193342
165,F,2031,*,Colbun 220,0,EtaMes,0.000229873,0.00021632,0.000252064,0.000237157,0.000243004,0.000184634,0.000192415,0.000266036,0.000276257,0.000271299,0.000233569,0.000193698
166,F,2017,2017,Diego de Almagro 220,0,EtaMes,0.00204766,0.002102934,0.001996581,0.003162129,0.003341481,0.003515042,0.003469785,0.003319644,0.003251753,0.003411345,0.003416616,0.003441769
167,F,2018,2018,Diego de Almagro 220,0,EtaMes,0.003621512,0.003601443,0.003458743,0.003528234,0.003732008,0.003947228,0.003879756,0.003710469,0.003609179,0.003579133,0.003582433,0.003559868
168,F,2019,2019,Diego de Almagro 220,0,EtaMes,0.003736445,0.003683644,0.003536849,0.003563953,0.003780635,0.004020309,0.003945285,0.003767165,0.00366939,0.003753261,0.003765255,0.003732305
169,F,2020,2020,Diego de Almagro 220,0,EtaMes,0.003927553,0.003866138,0.003716024,0.003739692,0.003965587,0.004221039,0.004136179,0.003951934,0.003842629,0.003671747,0.003681107,0.003652276
170,F,2021,2021,Diego de Almagro 220,0,EtaMes,0.003842322,0.003785906,0.003638606,0.003663219,0.003884492,0.00413251,0.004050106,0.003868082,0.003761318,0.003692367,0.00370511,0.003672834
171,F,2022,2022,Diego de Almagro 220,0,EtaMes,0.003867026,0.003808311,0.003661324,0.003684357,0.003906768,0.004157933,0.004072873,0.00389035,0.003780738,0.003656951,0.003670356,0.003638128
172,F,2023,2023,Diego de Almagro 220,0,EtaMes,0.003831044,0.003773349,0.003627914,0.003650563,0.003871065,0.004120062,0.004035141,0.003853836,0.00374462,0.003620267,0.003634187,0.003602122
173,F,2024,2024,Diego de Almagro 220,0,EtaMes,0.003793616,0.003737094,0.003593235,0.003615563,0.003834089,0.004080767,0.003996094,0.003816015,0.003707299,0.003632142,0.003648384,0.003614083
174,F,2025,2025,Diego de Almagro 220,0,EtaMes,0.003808245,0.003750322,0.003606646,0.003628016,0.003847237,0.004095936,0.004009512,0.003829071,0.003718512,0.003600267,0.00361618,0.003582706
175,F,2026,2026,Diego de Almagro 220,0,EtaMes,0.003774812,0.003718226,0.003575623,0.003597078,0.0038146,0.004060903,0.003975269,0.003795865,0.003686381,0.003524209,0.003537627,0.003507694
176,F,2027,2027,Diego de Almagro 220,0,EtaMes,0.00369355,0.003640897,0.003500464,0.003522818,0.003736224,0.003975912,0.003893265,0.00371631,0.003610398,0.003450494,0.003461481,0.003434992
177,F,2028,2028,Diego de Almagro 220,0,EtaMes,0.003614799,0.003565996,0.003427673,0.003450911,0.003660336,0.0038936,0.003813852,0.003639246,0.003536789,0.00337916,0.003387784,0.003364649
178,F,2029,2029,Diego de Almagro 220,0,EtaMes,0.003538596,0.003493561,0.003357286,0.003381386,0.003586966,0.003814002,0.003737068,0.003564715,0.0034656,0.003309579,0.003315886,0.003296042
179,F,2030,2030,Diego de Almagro 220,0,EtaMes,0.003464276,0.003422954,0.003288689,0.003313636,0.003515471,0.003736421,0.003662247,0.003492073,0.003396207,0.003240466,0.003244448,0.00322791
180,F,2031,*,Diego de Almagro 220,0,EtaMes,0.003390478,0.003352883,0.003220633,0.003246426,0.003444547,0.003659443,0.003588043,0.003420009,0.00332735,0.003174839,0.003176608,0.003163223
181,F,2017,2017,El Salto 110,0,EtaMes,0.070285339,0.071757458,0.073569133,0.073756564,0.072461168,0.070637182,0.068416547,0.069446249,0.067091551,0.0652669,0.065379808,0.063853256
182,F,2018,2018,El Salto 110,0,EtaMes,0.06455743,0.065988956,0.068037929,0.067865863,0.066412766,0.063844588,0.061914684,0.063178072,0.060449186,0.058125075,0.058724935,0.060479705
183,F,2019,2019,El Salto 110,0,EtaMes,0.061964537,0.063578809,0.06603724,0.066753689,0.065142498,0.061869115,0.05984319,0.061610589,0.058364902,0.05716569,0.057745106,0.059485506
184,F,2020,2020,El Salto 110,0,EtaMes,0.06097547,0.062591622,0.065026406,0.065735369,0.064135118,0.060890784,0.058885037,0.060616852,0.057401509,0.056568097,0.057136285,0.058869104
185,F,2021,2021,El Salto 110,0,EtaMes,0.060363292,0.061979984,0.064395482,0.065102496,0.063510933,0.060287961,0.058293185,0.059999827,0.056800969,0.056427823,0.056994564,0.058725944
186,F,2022,2022,El Salto 110,0,EtaMes,0.060221568,0.061840029,0.06424981,0.06495615,0.06336744,0.060149663,0.058154987,0.059852627,0.056655646,0.056286301,0.056852755,0.058582274
187,F,2023,2023,El Salto 110,0,EtaMes,0.060078636,0.0616982,0.06409985,0.064807564,0.063221959,0.060010452,0.05801557,0.05970387,0.05650982,0.05612334,0.056688784,0.058415372
188,F,2024,2024,El Salto 110,0,EtaMes,0.059912395,0.061532859,0.063925552,0.064634644,0.063052607,0.05984857,0.057854418,0.059532568,0.056342621,0.056012238,0.056577231,0.058302644
189,F,2025,2025,El Salto 110,0,EtaMes,0.059800543,0.061421847,0.063808003,0.064518421,0.062938813,0.059739883,0.057746181,0.059416931,0.05622928,0.055963981,0.056529424,0.05825363
190,F,2026,2026,El Salto 110,0,EtaMes,0.059751535,0.061373644,0.063755401,0.064467178,0.062889023,0.059692727,0.057698301,0.059364693,0.056178422,0.055907222,0.056473108,0.058195714
191,F,2027,2027,El Salto 110,0,EtaMes,0.059693807,0.06131661,0.06369351,0.064406443,0.062829985,0.059636728,0.057641603,0.059303425,0.056118985,0.055843216,0.056409301,0.058130038
192,F,2028,2028,El Salto 110,0,EtaMes,0.059628508,0.061251939,0.063623755,0.064337977,0.062763316,0.05957339,0.057577776,0.059234693,0.056052296,0.055772432,0.056338532,0.058057217
193,F,2029,2029,El Salto 110,0,EtaMes,0.059556071,0.061180111,0.063546654,0.06426212,0.062689366,0.05950305,0.057507229,0.059159006,0.055978923,0.055691731,0.056257598,0.057973966
194,F,2030,2030,El Salto 110,0,EtaMes,0.05947329,0.061097816,0.063458855,0.064175512,0.062604797,0.05942257,0.057427014,0.059073295,0.055895797,0.05559738,0.05616268,0.057876573
195,F,2031,*,El Salto 110,0,EtaMes,0.059376587,0.061001384,0.063356735,0.064074435,0.062505995,0.059328521,0.057334015,0.058974269,0.055799551,0.055497664,0.056062233,0.057773371
196,F,2017,2017,Itahue 154,0,EtaMes,0.085156323,0.081444855,0.079466737,0.075272627,0.073795864,0.072925358,0.074884614,0.082800076,0.089368026,0.089505836,0.097442174,0.101708429
197,F,2018,2018,Itahue 154,0,EtaMes,0.088850261,0.084630068,0.082584985,0.079128181,0.077666589,0.077066942,0.078927704,0.0871594,0.093618306,0.092857019,0.100920444,0.103981777
198,F,2019,2019,Itahue 154,0,EtaMes,0.090521246,0.085525217,0.083415123,0.078987422,0.077753144,0.077533346,0.079329848,0.087449786,0.094127256,0.093714857,0.101854673,0.104989819
199,F,2020,2020,Itahue 154,0,EtaMes,0.09144913,0.086434365,0.084281898,0.079846658,0.078581282,0.078346931,0.080131547,0.088316714,0.095026825,0.094427584,0.102600283,0.105760373
200,F,2021,2021,Itahue 154,0,EtaMes,0.092157142,0.087129044,0.084979234,0.080508801,0.079225934,0.078974561,0.080764504,0.088999453,0.095736326,0.094615754,0.102795236,0.10594146
201,F,2022,2022,Itahue 154,0,EtaMes,0.092322321,0.087285648,0.085121023,0.080665601,0.079380779,0.079137418,0.080924878,0.089159383,0.095912177,0.094831475,0.103001736,0.106132943
202,F,2023,2023,Itahue 154,0,EtaMes,0.092507778,0.08747007,0.085317581,0.080850865,0.079564631,0.079317959,0.081107234,0.089345773,0.096107418,0.095103931,0.103268828,0.106387292
203,F,2024,2024,Itahue 154,0,EtaMes,0.092750837,0.087710306,0.085568984,0.081089093,0.079800763,0.079550748,0.081341929,0.089587779,0.096360399,0.09531007,0.103467999,0.106566021
204,F,2025,2025,Itahue 154,0,EtaMes,0.092917104,0.087873379,0.085743688,0.081254309,0.079965352,0.079712972,0.08150935,0.089758485,0.096542382,0.09540678,0.103558557,0.106648855
205,F,2026,2026,Itahue 154,0,EtaMes,0.093000001,0.08795745,0.085834806,0.081339108,0.080050502,0.079795959,0.081592119,0.089840719,0.096626766,0.095518462,0.103664814,0.106747465
206,F,2027,2027,Itahue 154,0,EtaMes,0.093100068,0.08805809,0.085940829,0.081440364,0.080152455,0.079895686,0.081689612,0.089937086,0.096724597,0.095643064,0.103785755,0.106862263
207,F,2028,2028,Itahue 154,0,EtaMes,0.093213256,0.088171589,0.086060441,0.081552941,0.080265041,0.080005973,0.081798924,0.090047294,0.096837383,0.095780081,0.103919865,0.106990982
208,F,2029,2029,Itahue 154,0,EtaMes,0.093339628,0.088298014,0.08619283,0.08167803,0.080389976,0.08012857,0.081920415,0.090170152,0.096962945,0.095936548,0.104074266,0.107140826
209,F,2030,2030,Itahue 154,0,EtaMes,0.093486261,0.088444166,0.086345114,0.08182246,0.080533996,0.080270262,0.08206099,0.090312778,0.097108339,0.096120529,0.104256672,0.10731962
210,F,2031,*,Itahue 154,0,EtaMes,0.093661236,0.088617843,0.086525836,0.081994367,0.080705276,0.080439299,0.082229201,0.090483743,0.097281984,0.096312911,0.104448692,0.107508845
211,F,2017,2017,Las Vegas 110,0,EtaMes,0.009874796,0.008881861,0.007794833,0.007842446,0.008391876,0.0094016,0.010313511,0.010946143,0.01162565,0.01153235,0.011298861,0.01141428
212,F,2018,2018,Las Vegas 110,0,EtaMes,0.010085685,0.009022669,0.007909148,0.008045845,0.008625649,0.00971642,0.010641271,0.011292297,0.011938937,0.011907358,0.011653381,0.0116224
213,F,2019,2019,Las Vegas 110,0,EtaMes,0.010236743,0.009087127,0.007965085,0.008003396,0.008603688,0.009741047,0.010655368,0.011284906,0.01194842,0.011928071,0.011670765,0.011642982
214,F,2020,2020,Las Vegas 110,0,EtaMes,0.010258918,0.009110218,0.007986478,0.008025073,0.008625323,0.009762188,0.010677338,0.011307875,0.01196911,0.011926026,0.011667435,0.011641946
215,F,2021,2021,Las Vegas 110,0,EtaMes,0.010260483,0.009113688,0.007989797,0.008028378,0.008628019,0.009763817,0.01067839,0.011308423,0.011966763,0.011930301,0.011671831,0.011646904
216,F,2022,2022,Las Vegas 110,0,EtaMes,0.010264749,0.009118095,0.007993687,0.008031182,0.008630882,0.00976714,0.010682172,0.011312408,0.011969765,0.011928204,0.01167025,0.011645809
217,F,2023,2023,Las Vegas 110,0,EtaMes,0.010263605,0.009117625,0.007993026,0.008029697,0.008629159,0.009765422,0.010680335,0.011310335,0.011966533,0.011917997,0.011660635,0.011636614
218,F,2024,2024,Las Vegas 110,0,EtaMes,0.01025545,0.009111007,0.007986991,0.008022884,0.008621689,0.009757186,0.010671361,0.01130063,0.011955202,0.011908686,0.011651902,0.011628315
219,F,2025,2025,Las Vegas 110,0,EtaMes,0.010248028,0.00910486,0.007981422,0.008016605,0.008614826,0.00974966,0.010663291,0.011291954,0.011945181,0.011895274,0.011639254,0.011615686
220,F,2026,2026,Las Vegas 110,0,EtaMes,0.010236477,0.009094846,0.00797247,0.008006929,0.008604384,0.009738181,0.010650934,0.011278843,0.011930933,0.011878014,0.011622861,0.011599289
221,F,2027,2027,Las Vegas 110,0,EtaMes,0.010221694,0.009081985,0.007961012,0.007994737,0.008591238,0.009723628,0.010635147,0.011262091,0.011912819,0.011858886,0.011604599,0.01158102
222,F,2028,2028,Las Vegas 110,0,EtaMes,0.010205344,0.009067755,0.007948362,0.007981399,0.00857685,0.009707644,0.010617772,0.011243616,0.011892842,0.011838179,0.011584763,0.011561184
223,F,2029,2029,Las Vegas 110,0,EtaMes,0.010187663,0.009052372,0.007934711,0.007967082,0.008561401,0.009690438,0.010599052,0.011223692,0.011871315,0.011816438,0.011563871,0.011540307
224,F,2030,2030,Las Vegas 110,0,EtaMes,0.010169143,0.009036266,0.00792044,0.007952183,0.008545311,0.009672485,0.010579523,0.011202882,0.0118488,0.011796337,0.011544515,0.011521024
225,F,2031,*,Las Vegas 110,0,EtaMes,0.010152146,0.009021531,0.007907398,0.007938568,0.008530592,0.009656057,0.010561705,0.011183837,0.011828067,0.011772379,0.011521369,0.011497932
226,F,2017,2017,Los Almendros 110,0,EtaMes,0.121776439,0.125699952,0.130771866,0.131527162,0.126259877,0.121924052,0.117734899,0.11417191,0.109222872,0.104869433,0.10213407,0.104793106
227,F,2018,2018,Los Almendros 110,0,EtaMes,0.113222718,0.118287402,0.123448521,0.122542616,0.116967073,0.112048491,0.108111672,0.104988674,0.101223961,0.104017738,0.100587087,0.106417028
228,F,2019,2019,Los Almendros 110,0,EtaMes,0.115505656,0.122052182,0.127530794,0.128488185,0.122588747,0.117374862,0.113091872,0.109808245,0.105711182,0.102538449,0.099148128,0.104903602
229,F,2020,2020,Los Almendros 110,0,EtaMes,0.113908464,0.120377686,0.125802514,0.126755358,0.1209276,0.11575188,0.111503688,0.108251072,0.104180399,0.101637662,0.098275576,0.1039868
230,F,2021,2021,Los Almendros 110,0,EtaMes,0.112942526,0.119360987,0.124742476,0.125698058,0.119917652,0.114772042,0.110542881,0.107303692,0.103245171,0.10145517,0.098102084,0.103803772
231,F,2022,2022,Los Almendros 110,0,EtaMes,0.112750947,0.119159672,0.124529428,0.125485521,0.119718716,0.114580226,0.110349064,0.107106321,0.103046615,0.101269264,0.097927227,0.103618544
232,F,2023,2023,Los Almendros 110,0,EtaMes,0.112555637,0.11895299,0.124306274,0.125266869,0.119514205,0.114384876,0.11015123,0.106904477,0.1028455,0.101047544,0.097716922,0.103394727
233,F,2024,2024,Los Almendros 110,0,EtaMes,0.112319076,0.118702406,0.124037343,0.125002682,0.119266152,0.114147914,0.10991369,0.106663693,0.10260701,0.100901062,0.097578756,0.103248782
234,F,2025,2025,Los Almendros 110,0,EtaMes,0.112165561,0.118539596,0.123861018,0.124830394,0.119104667,0.113994061,0.109759368,0.106506102,0.102450091,0.100853322,0.097536123,0.10320158
235,F,2026,2026,Los Almendros 110,0,EtaMes,0.112115297,0.118485668,0.123797879,0.124770707,0.119050356,0.113943821,0.10970693,0.106450078,0.102394886,0.100791711,0.097480261,0.103139995
236,F,2027,2027,Los Almendros 110,0,EtaMes,0.112050068,0.118415766,0.12371777,0.124693746,0.11897966,0.113877828,0.109638822,0.106378908,0.102325114,0.10071727,0.09741168,0.1030648
237,F,2028,2028,Los Almendros 110,0,EtaMes,0.111970711,0.11833092,0.123622201,0.124601651,0.118894381,0.113797695,0.109557021,0.106294183,0.102241982,0.10063079,0.097331239,0.102977038
238,F,2029,2029,Los Almendros 110,0,EtaMes,0.11187799,0.118232022,0.123512139,0.124495041,0.118795137,0.113704019,0.109462262,0.106196775,0.102146488,0.100526552,0.097233325,0.102870768
239,F,2030,2030,Los Almendros 110,0,EtaMes,0.111765727,0.118112376,0.123380792,0.124367131,0.118675352,0.113590559,0.109348686,0.106080905,0.102032778,0.10039653,0.097109998,0.102738014
240,F,2031,*,Los Almendros 110,0,EtaMes,0.111625685,0.117963205,0.123219485,0.124209082,0.118526588,0.113449172,0.109208776,0.105939077,0.101893151,0.100258135,0.096978438,0.102596247
241,F,2017,2017,Los Vilos 220,0,EtaMes,0.008504864,0.008309844,0.0075564,0.007592098,0.008447352,0.009272933,0.009274986,0.009561387,0.009985392,0.01051817,0.010524931,0.009940715
242,F,2018,2018,Los Vilos 220,0,EtaMes,0.008738381,0.008504634,0.007739998,0.007862536,0.008759024,0.00965094,0.009628034,0.009911303,0.01029732,0.010798595,0.010788287,0.010061378
243,F,2019,2019,Los Vilos 220,0,EtaMes,0.008815696,0.008511138,0.007741321,0.007772128,0.008683402,0.009614787,0.0095813,0.009845346,0.010248244,0.010756109,0.010743872,0.01002247
244,F,2020,2020,Los Vilos 220,0,EtaMes,0.008785864,0.008486094,0.007720265,0.007751396,0.008658403,0.009583707,0.009548395,0.009810357,0.010207894,0.010670978,0.010657864,0.009944059
245,F,2021,2021,Los Vilos 220,0,EtaMes,0.008719971,0.008424739,0.007664982,0.00769647,0.008596144,0.009513179,0.009476671,0.009735407,0.010126993,0.010550751,0.010537767,0.009832487
246,F,2022,2022,Los Vilos 220,0,EtaMes,0.008622863,0.00833168,0.007580281,0.007611527,0.00850118,0.009407752,0.009370915,0.009625969,0.010012079,0.010425624,0.010412992,0.009716473
247,F,2023,2023,Los Vilos 220,0,EtaMes,0.008521748,0.00823465,0.007491696,0.007522925,0.008402156,0.009297989,0.009260801,0.00951202,0.009892663,0.010297261,0.010284888,0.00959728
248,F,2024,2024,Los Vilos 220,0,EtaMes,0.008417906,0.008135029,0.007400769,0.007431995,0.008300517,0.009185334,0.009147849,0.009395144,0.009770213,0.01020702,0.010194865,0.009513641
249,F,2025,2025,Los Vilos 220,0,EtaMes,0.008345074,0.008065164,0.007336953,0.007368207,0.008229224,0.009106334,0.00906866,0.009313149,0.009684253,0.010140289,0.010128371,0.009451635
250,F,2026,2026,Los Vilos 220,0,EtaMes,0.008290863,0.008013061,0.007289264,0.007320532,0.008176009,0.009047457,0.009009656,0.009252093,0.009620501,0.010072925,0.010061256,0.009389027
251,F,2027,2027,Los Vilos 220,0,EtaMes,0.008236179,0.007960515,0.007241162,0.007272428,0.008122317,0.008988042,0.008950077,0.009190458,0.009556144,0.010007863,0.009996408,0.009328528
252,F,2028,2028,Los Vilos 220,0,EtaMes,0.008183395,0.007909821,0.007194755,0.00722605,0.00807054,0.008930732,0.008892592,0.00913096,0.009493979,0.009944019,0.009932755,0.009269149
253,F,2029,2029,Los Vilos 220,0,EtaMes,0.008131618,0.007860119,0.007149263,0.007180593,0.008019782,0.008874535,0.008836229,0.009072612,0.009432994,0.009882605,0.009871502,0.009212016
254,F,2030,2030,Los Vilos 220,0,EtaMes,0.008081856,0.007812381,0.007105581,0.007136958,0.007971043,0.008820565,0.008782106,0.009016555,0.009374351,0.009826559,0.009815576,0.009159897
255,F,2031,*,Los Vilos 220,0,EtaMes,0.008036568,0.007768988,0.007065892,0.007097334,0.007926768,0.008771526,0.008732945,0.008965574,0.0093209,0.009769794,0.009758911,0.00910707
256,F,2017,2017,Maitencillo 220,0,EtaMes,0.003529445,0.003593225,0.003529926,0.003457747,0.003653229,0.003904111,0.004031584,0.003903299,0.004058748,0.003965477,0.003884152,0.003687977
257,F,2018,2018,Maitencillo 220,0,EtaMes,0.00369134,0.003743306,0.003680547,0.003645103,0.003856013,0.004136561,0.004260584,0.004119445,0.004261127,0.004100338,0.004009814,0.00375947
258,F,2019,2019,Maitencillo 220,0,EtaMes,0.003750709,0.003773054,0.00370758,0.003629035,0.003850136,0.00415057,0.004270241,0.004121282,0.004271142,0.004099484,0.004008226,0.00375895
259,F,2020,2020,Maitencillo 220,0,EtaMes,0.003752042,0.003776081,0.003711371,0.003632938,0.003853454,0.004152637,0.00427149,0.00412197,0.004270219,0.004081584,0.003990342,0.003742892
260,F,2021,2021,Maitencillo 220,0,EtaMes,0.003737269,0.003762249,0.003698022,0.003620146,0.003839476,0.004136829,0.004254561,0.004105079,0.004251505,0.004045495,0.003955038,0.003709984
261,F,2022,2022,Maitencillo 220,0,EtaMes,0.003704756,0.003729873,0.003666171,0.003589017,0.003806414,0.004101025,0.004217396,0.00406886,0.004213552,0.004012767,0.003923102,0.003680205
262,F,2023,2023,Maitencillo 220,0,EtaMes,0.00367532,0.003700549,0.003637189,0.003560811,0.003776465,0.004068646,0.004183734,0.004036008,0.004179161,0.003981568,0.003892625,0.003651768
263,F,2024,2024,Maitencillo 220,0,EtaMes,0.003647252,0.003672625,0.00360959,0.003533972,0.003747958,0.004037821,0.004151688,0.004004705,0.004146378,0.003957961,0.003869572,0.003630305
264,F,2025,2025,Maitencillo 220,0,EtaMes,0.003626077,0.003651549,0.003588739,0.003513701,0.003726433,0.004014548,0.004127515,0.003981081,0.004121633,0.003941985,0.003853997,0.003615735
265,F,2026,2026,Maitencillo 220,0,EtaMes,0.003611634,0.003637148,0.003574432,0.003499799,0.003711697,0.003998642,0.00411098,0.003964913,0.004104791,0.003927385,0.003839773,0.003602425
266,F,2027,2027,Maitencillo 220,0,EtaMes,0.003598473,0.003624046,0.003561396,0.003487136,0.003698276,0.003984146,0.004095877,0.003950129,0.00408938,0.003914049,0.003826772,0.003590259
267,F,2028,2028,Maitencillo 220,0,EtaMes,0.003586481,0.003612128,0.003549527,0.003475627,0.003686074,0.003970956,0.004082114,0.003936629,0.004075287,0.003902049,0.003815067,0.003579314
268,F,2029,2029,Maitencillo 220,0,EtaMes,0.00357572,0.00360146,0.003538892,0.003465327,0.00367515,0.003959136,0.004069763,0.003924488,0.004062592,0.003891178,0.003804457,0.003569397
269,F,2030,2030,Maitencillo 220,0,EtaMes,0.003566008,0.00359186,0.003529316,0.003456067,0.003665322,0.00394849,0.004058628,0.003913515,0.004051087,0.003881265,0.003794769,0.003560364
270,F,2031,*,Maitencillo 220,0,EtaMes,0.003557215,0.003583194,0.003520678,0.003447727,0.003656461,0.003938882,0.004048583,0.003903581,0.004040621,0.003872886,0.003786572,0.003552724
271,F,2017,2017,Melipilla 220,0,EtaMes,0.018307643,0.017613139,0.017007875,0.017184707,0.017401171,0.019174803,0.019645739,0.020517161,0.020963124,0.022405503,0.022495952,0.020781754
272,F,2018,2018,Melipilla 220,0,EtaMes,0.018983575,0.018195712,0.017582234,0.017967493,0.018214023,0.020135767,0.020570893,0.021439239,0.021788915,0.02318537,0.023242613,0.021198646
273,F,2019,2019,Melipilla 220,0,EtaMes,0.01929885,0.018349259,0.017720486,0.017897448,0.018195106,0.020215674,0.020629896,0.021463657,0.021855752,0.023368451,0.023422695,0.021364334
274,F,2020,2020,Melipilla 220,0,EtaMes,0.019454005,0.018504122,0.017874827,0.018053842,0.018349626,0.020383299,0.020797589,0.021639283,0.022027064,0.023510002,0.023563482,0.021492146
275,F,2021,2021,Melipilla 220,0,EtaMes,0.019571626,0.018620213,0.017989015,0.018170235,0.018465294,0.020511519,0.020925986,0.021773789,0.022158595,0.023550919,0.023602539,0.021533613
276,F,2022,2022,Melipilla 220,0,EtaMes,0.019608647,0.018656595,0.018024565,0.018204742,0.018501003,0.020551716,0.020966483,0.0218164,0.022199758,0.023592525,0.023642573,0.021576186
277,F,2023,2023,Melipilla 220,0,EtaMes,0.019645753,0.018692747,0.018059359,0.018238813,0.018536395,0.0205923,0.021007451,0.021859969,0.022242345,0.023638961,0.023686931,0.02162312
278,F,2024,2024,Melipilla 220,0,EtaMes,0.019685921,0.018731749,0.018097118,0.018275557,0.018574571,0.020636597,0.021052585,0.021908704,0.02229029,0.02367565,0.023722091,0.021660381
279,F,2025,2025,Melipilla 220,0,EtaMes,0.01971769,0.018762473,0.018126805,0.018304468,0.018604625,0.02067161,0.021088441,0.021947485,0.022328502,0.023693591,0.023738956,0.021679312
280,F,2026,2026,Melipilla 220,0,EtaMes,0.019732581,0.018776741,0.018140384,0.018317284,0.018618345,0.020688404,0.021105777,0.021966889,0.02234793,0.023711785,0.023755978,0.021698587
281,F,2027,2027,Melipilla 220,0,EtaMes,0.019747494,0.01879099,0.018153985,0.018329931,0.018631946,0.020705286,0.021123231,0.021986788,0.022367898,0.023731561,0.023774453,0.021719265
282,F,2028,2028,Melipilla 220,0,EtaMes,0.019763549,0.018806321,0.018168694,0.018343672,0.018646652,0.02072352,0.021142123,0.022008351,0.022389515,0.023753104,0.023794598,0.021741558
283,F,2029,2029,Melipilla 220,0,EtaMes,0.019780893,0.01882289,0.018184665,0.018358619,0.01866258,0.020743223,0.021162595,0.022031742,0.02241298,0.0237785,0.023818493,0.021767349
284,F,2030,2030,Melipilla 220,0,EtaMes,0.019801256,0.018842332,0.018203508,0.018376401,0.018681364,0.020766247,0.021186577,0.022058981,0.022440288,0.023811977,0.023850426,0.021800461
285,F,2031,*,Melipilla 220,0,EtaMes,0.019828294,0.018868151,0.01822864,0.018400519,0.018706537,0.020796466,0.021218048,0.022094088,0.022475417,0.023843875,0.023880616,0.021832167
286,F,2017,2017,Pan de Azucar 220,0,EtaMes,0.035968061,0.034753461,0.032931946,0.032771529,0.034691091,0.036528219,0.037395351,0.037070578,0.038237332,0.039183279,0.039192782,0.03790444
287,F,2018,2018,Pan de Azucar 220,0,EtaMes,0.03683015,0.035450684,0.03362276,0.033828117,0.035852498,0.037890144,0.038686611,0.038295782,0.039291255,0.040233894,0.040179484,0.038370312
288,F,2019,2019,Pan de Azucar 220,0,EtaMes,0.037161612,0.035483118,0.03363351,0.033444162,0.03554821,0.037753895,0.03850465,0.038046661,0.039109908,0.040080349,0.040018868,0.038226527
289,F,2020,2020,Pan de Azucar 220,0,EtaMes,0.037040271,0.035382879,0.033545936,0.03335887,0.035449994,0.037636316,0.038377001,0.037915971,0.038960644,0.039768368,0.039703803,0.037932527
290,F,2021,2021,Pan de Azucar 220,0,EtaMes,0.036767325,0.035131633,0.033310003,0.033126786,0.035199625,0.037364244,0.03809377,0.037631273,0.038657077,0.039325775,0.039261932,0.0375122
291,F,2022,2022,Pan de Azucar 220,0,EtaMes,0.036362896,0.034748287,0.032946328,0.0327656,0.034815452,0.036955228,0.037673881,0.037213412,0.038223861,0.038864904,0.038802615,0.037074917
292,F,2023,2023,Pan de Azucar 220,0,EtaMes,0.035941595,0.034348427,0.032565816,0.032388711,0.034414684,0.03652922,0.037236494,0.036778127,0.037773435,0.038392221,0.03833115,0.036625756
293,F,2024,2024,Pan de Azucar 220,0,EtaMes,0.035509042,0.033938005,0.03217536,0.032002042,0.034003447,0.036092111,0.036787961,0.036331781,0.037311679,0.038061459,0.038001395,0.036312064
294,F,2025,2025,Pan de Azucar 220,0,EtaMes,0.035207058,0.033651467,0.03190252,0.031731989,0.033716289,0.035786977,0.036474952,0.036020081,0.036989066,0.037818297,0.037759273,0.036080864
295,F,2026,2026,Pan de Azucar 220,0,EtaMes,0.034983556,0.033438964,0.03169973,0.031531257,0.033503124,0.035560848,0.036243047,0.035789287,0.036751202,0.037572939,0.037515006,0.035847534
296,F,2027,2027,Pan de Azucar 220,0,EtaMes,0.034758224,0.03322477,0.031495295,0.031328831,0.033288157,0.035332772,0.036009,0.035556423,0.036511194,0.03733623,0.037279254,0.035622315
297,F,2028,2028,Pan de Azucar 220,0,EtaMes,0.034540972,0.033018363,0.031298288,0.031133892,0.033081097,0.035113032,0.035783445,0.035331885,0.036279621,0.037104133,0.037048028,0.035401441
298,F,2029,2029,Pan de Azucar 220,0,EtaMes,0.034328034,0.032816163,0.031105325,0.030942984,0.032878278,0.034897742,0.035562469,0.035111861,0.036052626,0.036881176,0.036825826,0.035189216
299,F,2030,2030,Pan de Azucar 220,0,EtaMes,0.034123672,0.032622233,0.030920296,0.030759992,0.032683803,0.034691275,0.03535058,0.03490078,0.035834653,0.036678261,0.036623506,0.034996148
300,F,2031,*,Pan de Azucar 220,0,EtaMes,0.033938204,0.032446437,0.030752639,0.030594278,0.03250763,0.034504199,0.035158669,0.034709344,0.035636536,0.036472777,0.036418547,0.034800494
301,F,2017,2017,Polpaico 220,0,EtaMes,0.017313511,0.016178519,0.015704678,0.015642302,0.016970687,0.016038379,0.016723041,0.01730012,0.017895939,0.019265568,0.019708334,0.019367853
302,F,2018,2018,Polpaico 220,0,EtaMes,0.017753636,0.016516989,0.01601355,0.016125969,0.017525889,0.016616357,0.017310292,0.017928963,0.018477427,0.020305882,0.020748673,0.02010608
303,F,2019,2019,Polpaico 220,0,EtaMes,0.018402401,0.016981974,0.016478561,0.016413421,0.017959653,0.017025601,0.017712,0.018315246,0.018885782,0.020265462,0.020701826,0.020071021
304,F,2020,2020,Polpaico 220,0,EtaMes,0.018373106,0.016962699,0.016458961,0.016392331,0.017919499,0.016997817,0.017680473,0.018279798,0.018846894,0.020221699,0.02065426,0.020031551
305,F,2021,2021,Polpaico 220,0,EtaMes,0.018339515,0.016936418,0.016432038,0.016365385,0.017880687,0.016967305,0.017646573,0.018242021,0.018805316,0.020221604,0.020653855,0.020033015
306,F,2022,2022,Polpaico 220,0,EtaMes,0.018341386,0.016939714,0.016434409,0.016367574,0.01788067,0.016969412,0.017647562,0.018241425,0.018803531,0.020212693,0.020644922,0.020025921
307,F,2023,2023,Polpaico 220,0,EtaMes,0.018335387,0.016935568,0.016429085,0.016362698,0.017873355,0.016964415,0.017641029,0.018232972,0.018793826,0.020191122,0.020622903,0.020005914
308,F,2024,2024,Polpaico 220,0,EtaMes,0.01831783,0.016920863,0.016413615,0.016347827,0.017855302,0.016948954,0.017623649,0.018213259,0.018772417,0.020173882,0.020605406,0.019990101
309,F,2025,2025,Polpaico 220,0,EtaMes,0.018304045,0.016909213,0.016401401,0.016336145,0.017841429,0.016936819,0.017610134,0.018197938,0.018755691,0.020155237,0.020586711,0.019972028
310,F,2026,2026,Polpaico 220,0,EtaMes,0.018287909,0.016894894,0.01638688,0.016322186,0.017826295,0.016922413,0.017594451,0.018180824,0.018737557,0.020130717,0.02056206,0.019948082
311,F,2027,2027,Polpaico 220,0,EtaMes,0.018266578,0.016875805,0.016367748,0.016303629,0.017806266,0.016903192,0.01757367,0.018158461,0.018713958,0.020103052,0.020534136,0.019920938
312,F,2028,2028,Polpaico 220,0,EtaMes,0.018242447,0.016854169,0.016346171,0.016282698,0.017783642,0.01688145,0.017550257,0.01813334,0.018687445,0.020072668,0.020503397,0.019891067
313,F,2029,2029,Polpaico 220,0,EtaMes,0.018215884,0.016830333,0.016322488,0.016259679,0.017758731,0.016857496,0.017524557,0.018105846,0.018658448,0.020040056,0.020470319,0.019858967
314,F,2030,2030,Polpaico 220,0,EtaMes,0.018187359,0.01680473,0.016297115,0.016234984,0.017731893,0.016831768,0.017497059,0.018076466,0.01862744,0.020008499,0.020438213,0.019828005
315,F,2031,*,Polpaico 220,0,EtaMes,0.018159937,0.016780196,0.016272782,0.01621128,0.017705842,0.016807092,0.017470773,0.018048276,0.01859758,0.019971297,0.020400323,0.01979133
316,F,2017,2017,Puerto Montt 220,0,EtaMes,0.046331734,0.043550935,0.045397839,0.044987707,0.045144731,0.047282896,0.050846812,0.050245563,0.04987616,0.048592235,0.048369644,0.04807576
317,F,2018,2018,Puerto Montt 220,0,EtaMes,0.049078996,0.045948911,0.047941219,0.048032562,0.048257963,0.050736415,0.054427047,0.053714373,0.053039522,0.050439631,0.050129745,0.049193324
318,F,2019,2019,Puerto Montt 220,0,EtaMes,0.050053008,0.04648097,0.04847032,0.047995817,0.048358899,0.051098052,0.054764757,0.053957335,0.053376516,0.050992549,0.050671004,0.049731993
319,F,2020,2020,Puerto Montt 220,0,EtaMes,0.0506207,0.047022464,0.049050171,0.048572267,0.048926973,0.051683117,0.055392174,0.054577152,0.053967905,0.051357291,0.051030523,0.050086544
320,F,2021,2021,Puerto Montt 220,0,EtaMes,0.050989588,0.047367219,0.049420696,0.048942461,0.049290932,0.052064227,0.055807123,0.05498913,0.054361057,0.051716525,0.05138947,0.050432805
321,F,2022,2022,Puerto Montt 220,0,EtaMes,0.05133634,0.047681123,0.049756795,0.049275507,0.049621514,0.05241798,0.056198459,0.05538127,0.054745229,0.052117181,0.051790682,0.050819952
322,F,2023,2023,Puerto Montt 220,0,EtaMes,0.05172387,0.048032062,0.050130011,0.049646905,0.049990769,0.052813595,0.056634715,0.055817628,0.055174106,0.052514657,0.052188274,0.051203089
323,F,2024,2024,Puerto Montt 220,0,EtaMes,0.052107692,0.048379761,0.050500015,0.050015359,0.05035693,0.053205977,0.05706787,0.05625089,0.055599824,0.052763557,0.052437825,0.051442027
324,F,2025,2025,Puerto Montt 220,0,EtaMes,0.052345149,0.048592037,0.05072762,0.050242343,0.050581438,0.053448179,0.057340154,0.056526066,0.055869399,0.053058184,0.05273304,0.051723825
325,F,2026,2026,Puerto Montt 220,0,EtaMes,0.0526238,0.048840924,0.050993374,0.05050658,0.050843905,0.053731309,0.057657494,0.056847096,0.056186841,0.053398365,0.053073684,0.052049691
326,F,2027,2027,Puerto Montt 220,0,EtaMes,0.052947185,0.049130854,0.051302298,0.050813485,0.051149191,0.054059911,0.058023895,0.057216891,0.056552699,0.053725616,0.053401284,0.052362659
327,F,2028,2028,Puerto Montt 220,0,EtaMes,0.053257784,0.04940899,0.051598965,0.051108432,0.051442404,0.054375653,0.058376571,0.05757314,0.056904927,0.054040794,0.053716743,0.052663677
328,F,2029,2029,Puerto Montt 220,0,EtaMes,0.053556391,0.049676102,0.051884196,0.05139209,0.051724233,0.054679263,0.058716381,0.057916771,0.057244531,0.054326552,0.054002745,0.052935883
329,F,2030,2030,Puerto Montt 220,0,EtaMes,0.053826151,0.049916713,0.052141772,0.051648422,0.051978544,0.054953622,0.059024888,0.058229478,0.057553159,0.054538463,0.054214983,0.053136341
330,F,2031,*,Puerto Montt 220,0,EtaMes,0.05402404,0.050091426,0.052330322,0.051836422,0.052164245,0.055155011,0.059254923,0.058464407,0.05778397,0.05477209,0.054448734,0.053357519
331,F,2017,2017,Quillota 110,0,EtaMes,0.022024423,0.021940326,0.021611393,0.022167568,0.022142493,0.022908778,0.022744214,0.021838543,0.02243309,0.023826885,0.023422461,0.022825111
332,F,2018,2018,Quillota 110,0,EtaMes,0.023327955,0.023141346,0.022806479,0.023647542,0.023659508,0.024571298,0.024339772,0.023348195,0.02385661,0.024564639,0.024108372,0.023200874
333,F,2019,2019,Quillota 110,0,EtaMes,0.023635953,0.023259365,0.022908735,0.023475772,0.023557188,0.024583881,0.024325051,0.023292129,0.023844078,0.024603543,0.024141127,0.023241613
334,F,2020,2020,Quillota 110,0,EtaMes,0.023690278,0.023323606,0.022976551,0.02354567,0.023624193,0.024642793,0.024378263,0.023340639,0.023883888,0.02458878,0.024123126,0.023232974
335,F,2021,2021,Quillota 110,0,EtaMes,0.023690951,0.023331208,0.022984877,0.023554882,0.023633407,0.024645239,0.024376745,0.023336638,0.023872062,0.024577865,0.02411047,0.023228356
336,F,2022,2022,Quillota 110,0,EtaMes,0.02369079,0.023334061,0.022986475,0.023555255,0.023637093,0.024643895,0.024373218,0.023332017,0.023863508,0.024553636,0.024085266,0.023211434
337,F,2023,2023,Quillota 110,0,EtaMes,0.023677798,0.023324037,0.022974558,0.023542553,0.023627703,0.024629348,0.024356487,0.023314625,0.023842301,0.024513173,0.024043981,0.023178671
338,F,2024,2024,Quillota 110,0,EtaMes,0.023648781,0.023298368,0.022947292,0.023514271,0.023602524,0.024598462,0.024323677,0.023281745,0.023805275,0.024481139,0.024011536,0.023152638
339,F,2025,2025,Quillota 110,0,EtaMes,0.023625435,0.02327745,0.022925135,0.023491441,0.023581878,0.024573734,0.024297673,0.023255653,0.023776059,0.02444515,0.023975731,0.023121227
340,F,2026,2026,Quillota 110,0,EtaMes,0.023595077,0.023248774,0.022895462,0.023460994,0.023553064,0.024541726,0.024264908,0.023223451,0.023741922,0.024401644,0.023932625,0.023082594
341,F,2027,2027,Quillota 110,0,EtaMes,0.023557459,0.023212972,0.022858755,0.023423334,0.023516941,0.024502161,0.024224565,0.023184,0.023700388,0.024354968,0.023886394,0.023040739
342,F,2028,2028,Quillota 110,0,EtaMes,0.02351663,0.02317403,0.022819015,0.023382694,0.023477686,0.024459422,0.02418108,0.023141474,0.023655669,0.024305449,0.023837364,0.022996069
343,F,2029,2029,Quillota 110,0,EtaMes,0.023472951,0.023132329,0.022776612,0.023339369,0.023435639,0.024413821,0.024134793,0.023096238,0.023608164,0.024254373,0.023786792,0.022949767
344,F,2030,2030,Quillota 110,0,EtaMes,0.023427682,0.023089096,0.022732792,0.023294655,0.023392059,0.024366707,0.024087075,0.023049587,0.023559133,0.024207409,0.02374023,0.022907245
345,F,2031,*,Quillota 110,0,EtaMes,0.023386424,0.02304985,0.022693062,0.023254185,0.023352588,0.02432398,0.024043843,0.023007143,0.023514224,0.024152903,0.023686261,0.022857409
346,F,2017,2017,Rapel 220,0,EtaMes,0.009206132,0.008179156,0.007838341,0.007833406,0.00808394,0.009223296,0.010546616,0.012486354,0.013657235,0.014506172,0.014875619,0.013771823
347,F,2018,2018,Rapel 220,0,EtaMes,0.009500293,0.008408836,0.008068219,0.008157709,0.008429793,0.00965232,0.011006855,0.013002937,0.014143992,0.015033643,0.015392197,0.01407069
348,F,2019,2019,Rapel 220,0,EtaMes,0.009674903,0.008494812,0.008146026,0.008140544,0.008436464,0.009707527,0.01105745,0.013038595,0.014209581,0.015187054,0.015546129,0.014215258
349,F,2020,2020,Rapel 220,0,EtaMes,0.009779045,0.008589991,0.008238973,0.008233575,0.008531027,0.00981293,0.011175329,0.013176535,0.014354619,0.015313697,0.015674058,0.014335138
350,F,2021,2021,Rapel 220,0,EtaMes,0.009864727,0.008667548,0.008313783,0.008308683,0.008607903,0.009899748,0.01127255,0.013289955,0.014474246,0.015358346,0.015719449,0.01437764
351,F,2022,2022,Rapel 220,0,EtaMes,0.009894808,0.008694707,0.008339635,0.008334348,0.008634358,0.009929897,0.011306079,0.013328907,0.014515351,0.01540886,0.01577113,0.014425836
352,F,2023,2023,Rapel 220,0,EtaMes,0.009928704,0.00872513,0.008368293,0.008363052,0.008663983,0.009963859,0.011343883,0.013372881,0.014562185,0.015471192,0.015834741,0.014484882
353,F,2024,2024,Rapel 220,0,EtaMes,0.009970163,0.008762264,0.008403377,0.008398191,0.00870025,0.010005463,0.011390418,0.013427146,0.014620221,0.015520008,0.015884524,0.014531332
354,F,2025,2025,Rapel 220,0,EtaMes,0.010002764,0.008791403,0.008430827,0.008425609,0.008728553,0.010037983,0.011426898,0.01346983,0.014665941,0.015550747,0.015915863,0.014560436
355,F,2026,2026,Rapel 220,0,EtaMes,0.010023011,0.008809434,0.008447572,0.008442225,0.008745747,0.010057863,0.011449163,0.013496076,0.01469442,0.015584933,0.015950735,0.01459276
356,F,2027,2027,Rapel 220,0,EtaMes,0.010045544,0.008829491,0.008466232,0.008460721,0.008764889,0.010079978,0.011473919,0.013525301,0.014726145,0.015622203,0.015988704,0.014627917
357,F,2028,2028,Rapel 220,0,EtaMes,0.010070096,0.008851343,0.008486613,0.008480959,0.008785821,0.010104137,0.011500995,0.013557246,0.014760786,0.015662498,0.016029728,0.014665888
358,F,2029,2029,Rapel 220,0,EtaMes,0.01009662,0.008874954,0.008508683,0.00850288,0.008808486,0.010130277,0.011530333,0.013591863,0.014798315,0.015707458,0.016075473,0.014708203
359,F,2030,2030,Rapel 220,0,EtaMes,0.010126197,0.008901273,0.008533364,0.008527408,0.008833831,0.010159491,0.011563197,0.013630635,0.014840302,0.015759036,0.016127926,0.014756733
360,F,2031,*,Rapel 220,0,EtaMes,0.010160158,0.008931472,0.008561805,0.008555688,0.008863046,0.010193147,0.01160118,0.013675414,0.014888692,0.015812281,0.016182046,0.01480677
361,F,2017,2017,Temuco 220,0,EtaMes,0.047921703,0.048821216,0.047983917,0.048937063,0.050004338,0.049518212,0.048553214,0.046029708,0.045370984,0.047700695,0.048606914,0.048411906
362,F,2018,2018,Temuco 220,0,EtaMes,0.050465578,0.051209601,0.050358447,0.051923424,0.053131135,0.052813622,0.051660287,0.048909487,0.047966463,0.049432872,0.050294889,0.049467765
363,F,2019,2019,Temuco 220,0,EtaMes,0.051390305,0.051726721,0.050834138,0.051799449,0.053169515,0.053105178,0.051891105,0.049038449,0.048192475,0.049811943,0.050672652,0.049854409
364,F,2020,2020,Temuco 220,0,EtaMes,0.051814369,0.052174173,0.051285404,0.052259897,0.053638752,0.053548562,0.05231529,0.049432243,0.048565509,0.050064618,0.050925062,0.050115324
365,F,2021,2021,Temuco 220,0,EtaMes,0.052103041,0.052477356,0.051588344,0.052570796,0.053959788,0.05385271,0.052603653,0.049696527,0.048815502,0.050168078,0.051030187,0.050225334
366,F,2022,2022,Temuco 220,0,EtaMes,0.052219437,0.052598221,0.051704084,0.052688107,0.054085925,0.053972517,0.052715646,0.049797634,0.048915781,0.05026858,0.051132477,0.050332522
367,F,2023,2023,Temuco 220,0,EtaMes,0.052334291,0.052717427,0.051816799,0.052804285,0.054210714,0.054091521,0.052825189,0.049895829,0.049013785,0.050371249,0.051235529,0.050440592
368,F,2024,2024,Temuco 220,0,EtaMes,0.052453031,0.052841426,0.05193532,0.052926875,0.054341738,0.054215973,0.052938605,0.049996998,0.04911429,0.050424741,0.051288112,0.050499883
369,F,2025,2025,Temuco 220,0,EtaMes,0.052520881,0.052913409,0.052003129,0.052997504,0.054419495,0.054287406,0.053000477,0.050050284,0.04916903,0.050445258,0.051307343,0.050524622
370,F,2026,2026,Temuco 220,0,EtaMes,0.052550033,0.052944988,0.052029942,0.053025895,0.054454078,0.054317259,0.053022521,0.050067312,0.049190671,0.050468445,0.051329009,0.050551648
371,F,2027,2027,Temuco 220,0,EtaMes,0.052582712,0.052980343,0.052060505,0.053058131,0.054492444,0.054350785,0.053047422,0.050086958,0.049214715,0.050490376,0.051348945,0.050577072
372,F,2028,2028,Temuco 220,0,EtaMes,0.052614823,0.053015415,0.052091148,0.053090747,0.054531059,0.054384247,0.053071709,0.050105744,0.049237652,0.050511615,0.051367803,0.050601578
373,F,2029,2029,Temuco 220,0,EtaMes,0.05264684,0.053050696,0.052122347,0.053124068,0.054570277,0.054418024,0.053095872,0.05012422,0.049260102,0.05053238,0.051385742,0.050625362
374,F,2030,2030,Temuco 220,0,EtaMes,0.052679277,0.053086714,0.052154869,0.053158911,0.054610916,0.054452831,0.053120611,0.050142953,0.049282428,0.05055184,0.051401859,0.050647801
375,F,2031,*,Temuco 220,0,EtaMes,0.052711896,0.05312328,0.052188976,0.053195519,0.054653313,0.054488771,0.053146089,0.050161931,0.04930435,0.050572553,0.051418953,0.050671099
376,F,2017,2017,Valdivia 220,0,EtaMes,0.009166804,0.009335718,0.009177044,0.009271358,0.00965509,0.00959508,0.009768427,0.009177103,0.008892506,0.009253979,0.009391534,0.009356784
377,F,2018,2018,Valdivia 220,0,EtaMes,0.009639837,0.009771534,0.009617791,0.009817598,0.010244847,0.010219978,0.010375254,0.009739906,0.009392889,0.009523212,0.009637697,0.009479194
378,F,2019,2019,Valdivia 220,0,EtaMes,0.009732514,0.009781229,0.009626218,0.009706151,0.010164552,0.010189675,0.010330016,0.009679252,0.009358701,0.009546158,0.009664699,0.009508111
379,F,2020,2020,Valdivia 220,0,EtaMes,0.009754186,0.009816961,0.009657895,0.009748374,0.010193492,0.010212145,0.010346495,0.009687331,0.009355501,0.009533658,0.009648431,0.009495623
380,F,2021,2021,Valdivia 220,0,EtaMes,0.009743403,0.009807868,0.009651462,0.009742553,0.010186658,0.010202119,0.010331009,0.009671644,0.009338917,0.009499867,0.009610136,0.009465245
381,F,2022,2022,Valdivia 220,0,EtaMes,0.009715324,0.009779639,0.009625157,0.00971616,0.010159669,0.010172024,0.01029669,0.009637027,0.009305726,0.009471711,0.009577959,0.009440212
382,F,2023,2023,Valdivia 220,0,EtaMes,0.009693563,0.009757432,0.009605311,0.009694967,0.010138012,0.010147828,0.010268453,0.009608883,0.009278445,0.009441049,0.00954381,0.009413743
383,F,2024,2024,Valdivia 220,0,EtaMes,0.009669699,0.009733611,0.009583065,0.00967295,0.010115852,0.010121586,0.010238712,0.009579439,0.009249868,0.009396682,0.009495365,0.009369886
384,F,2025,2025,Valdivia 220,0,EtaMes,0.009625748,0.009688989,0.009541195,0.009630195,0.0100713,0.010075515,0.010188331,0.009530344,0.009203213,0.009364754,0.00945975,0.00933763
385,F,2026,2026,Valdivia 220,0,EtaMes,0.009592627,0.009654819,0.009509098,0.009597989,0.010037821,0.010039888,0.010148547,0.009492336,0.009167711,0.0093383,0.009430219,0.009311619
386,F,2027,2027,Valdivia 220,0,EtaMes,0.009565935,0.009627522,0.009484086,0.009572715,0.010011534,0.010011791,0.010116393,0.009461129,0.00913867,0.009309765,0.009398489,0.009283568
387,F,2028,2028,Valdivia 220,0,EtaMes,0.009536943,0.009598179,0.009456796,0.009544863,0.009982873,0.009981129,0.010081829,0.009427431,0.009107333,0.00927943,0.009365057,0.009253454
388,F,2029,2029,Valdivia 220,0,EtaMes,0.009506025,0.009566414,0.009427255,0.009514985,0.009951831,0.009948104,0.010045047,0.009391651,0.009073909,0.009244911,0.009327335,0.009219094
389,F,2030,2030,Valdivia 220,0,EtaMes,0.009470255,0.009530029,0.009393121,0.009480533,0.009916276,0.009910325,0.010003242,0.009351187,0.00903636,0.009201064,0.009280336,0.009174643
390,F,2031,*,Valdivia 220,0,EtaMes,0.009423444,0.009482402,0.009348043,0.009435272,0.009869028,0.00986161,0.009950319,0.009300588,0.008988434,0.009159866,0.009235812,0.009132992
