DemIndNum,DemIndAñoFRlt,DemIndAñoIni,DemIndAñoFin,DemIndBar,DemIndTasa,DemIndFPot,DemIndEtaTip,Abr,May,Jun,Jul,Ago,Sep,Oct,Nov,Dic,Ene,Feb,Mar
1,F,2017,2017,Agua Santa 110,0,F,EtaMes,12.30122668,12.06216331,11.34959259,12.58735394,12.23604362,12.84848613,13.18314161,13.22689611,15.81015043,14.83351527,13.95650973,14.23604475
2,F,2018,2018,Agua Santa 110,0,F,EtaMes,12.80003426,12.46137245,11.68369226,12.99453658,12.60148465,13.37148923,13.63612713,13.6448865,16.44642829,15.61022323,14.73332093,15.00299108
3,F,2019,2019,Agua Santa 110,0,F,EtaMes,13.53048203,13.05539892,12.1603398,13.56487957,13.12317375,14.06393589,14.2594681,14.23393763,17.30800524,15.84848124,14.95763109,15.22671214
4,F,2020,2020,Agua Santa 110,0,F,EtaMes,13.72750986,13.25215198,12.34999753,13.77861632,13.33012712,14.29759965,14.4960544,14.47322157,17.60402535,16.05543797,15.15111552,15.4162709
5,F,2021,2021,Agua Santa 110,0,F,EtaMes,13.89226845,13.41936003,12.51279135,13.96110052,13.5081706,14.49643892,14.70069989,14.68249019,17.85808947,16.26979519,15.35281467,15.61518234
6,F,2022,2022,Agua Santa 110,0,F,EtaMes,14.06561476,13.59400852,12.68166207,14.14952808,13.69159194,14.70116351,14.90957046,14.89667009,18.11866866,16.44219062,15.51572693,15.77550455
7,F,2023,2023,Agua Santa 110,0,F,EtaMes,14.20470628,13.73467038,12.81842318,14.30307368,13.84051068,14.87208341,15.08219574,15.0738667,18.33793591,16.6030118,15.6676704,15.92417258
8,F,2024,2024,Agua Santa 110,0,F,EtaMes,14.3332072,13.86498639,12.94541541,14.44570828,13.97895287,15.03177001,15.24363622,15.24003,18.54357307,16.98930594,16.02680243,16.26803012
9,F,2025,2025,Agua Santa 110,0,F,EtaMes,14.63043993,14.16408913,13.23798194,14.76708222,14.29702265,15.37255481,15.60075832,15.60874802,18.97715604,17.42073596,16.4305822,16.66986754
10,F,2026,2026,Agua Santa 110,0,F,EtaMes,14.98288421,14.51811881,13.57797075,15.14189653,14.66384748,15.76260862,16.00449902,16.02251004,19.46614629,17.81388562,16.79687265,17.03313014
11,F,2027,2027,Agua Santa 110,0,F,EtaMes,15.29894028,14.84031437,13.89025948,15.48365277,15.00005931,16.11392064,16.37217838,16.4023609,19.90704122,18.18545984,17.14313942,17.37576713
12,F,2028,2028,Agua Santa 110,0,F,EtaMes,15.5963636,15.14403549,14.18473739,15.80486283,15.31648783,16.44305246,16.71727377,16.76025946,20.32024533,18.55516853,17.48730765,17.71581482
13,F,2029,2029,Agua Santa 110,0,F,EtaMes,15.89081451,15.44579529,14.47778154,16.123598,15.63102617,16.76810114,17.05931569,17.11607819,20.728433,18.41780413,17.35692658,17.56909193
14,F,2030,2030,Agua Santa 110,0,F,EtaMes,15.74819685,15.3128552,14.34846277,15.94578147,15.47160181,16.52740531,16.83671568,16.92349507,20.41668519,18.19506591,17.14522785,17.33981046
15,F,2031,*,Agua Santa 110,0,F,EtaMes,15.52989068,15.1082867,14.15120184,15.68587155,15.23515114,16.18785251,16.51870738,16.64002963,19.97898506,18.31880601,17.25809148,17.44299008
16,F,2017,2017,Alto Jahuel 110,0,F,EtaMes,27.98059902,28.77583512,26.91895395,28.79648278,29.15692779,28.1039927,28.99757117,29.01706299,28.91468767,32.62279453,33.01014235,34.97588937
17,F,2018,2018,Alto Jahuel 110,0,F,EtaMes,30.91552709,31.79607364,29.82921011,31.86235954,32.4361842,31.25002332,32.1052855,32.03861978,32.01146919,34.69928349,35.08876245,37.07912995
18,F,2019,2019,Alto Jahuel 110,0,F,EtaMes,32.15860776,33.0683068,30.95924506,33.11889206,33.74901481,32.59701495,33.32254566,33.2422336,33.18736147,35.45456364,35.84575204,37.86594989
19,F,2020,2020,Alto Jahuel 110,0,F,EtaMes,32.87179216,33.80281758,31.63084511,33.83878936,34.44576301,33.26911642,34.02777831,33.94470755,33.87513755,35.87527113,36.29250578,38.35615241
20,F,2021,2021,Alto Jahuel 110,0,F,EtaMes,33.22301877,34.16380572,32.00045389,34.22648827,34.88300869,33.67827488,34.45787782,34.38044986,34.3329541,36.67853192,37.08774025,39.17431767
21,F,2022,2022,Alto Jahuel 110,0,F,EtaMes,33.9963155,34.96005854,32.71466552,34.99346165,35.60010299,34.37220008,35.18772823,35.10607074,35.03043439,37.41885991,37.82629276,39.931821
22,F,2023,2023,Alto Jahuel 110,0,F,EtaMes,34.70587143,35.69236225,33.37379837,35.70338296,36.26746504,35.01801422,35.87716381,35.79020302,35.69441087,38.09851526,38.50578812,40.63065641
23,F,2024,2024,Alto Jahuel 110,0,F,EtaMes,35.35414232,36.36129873,33.97848647,36.35390669,36.88282074,35.61246805,36.51165971,36.42045256,36.30792885,39.23399282,39.65194345,41.8193663
24,F,2025,2025,Alto Jahuel 110,0,F,EtaMes,36.41844422,37.45949089,34.98709113,37.43643038,37.93357088,36.62303015,37.5907354,37.49467078,37.36752052,40.63357104,41.06390763,43.28784665
25,F,2026,2026,Alto Jahuel 110,0,F,EtaMes,37.72801652,38.80975652,36.23014261,38.76949095,39.23544451,37.87513697,38.91907626,38.81774589,38.67357045,41.99818384,42.44354171,44.72061136
26,F,2027,2027,Alto Jahuel 110,0,F,EtaMes,39.00127127,40.12352534,37.4405913,40.06750306,40.49944206,39.0878968,40.21823315,40.11202462,39.95290605,43.35973861,43.81593777,46.14149731
27,F,2028,2028,Alto Jahuel 110,0,F,EtaMes,40.27858581,41.44160961,38.6486065,41.36407325,41.75110261,40.29011118,41.50778985,41.39571558,41.21666124,44.74187508,45.2117865,47.58663464
28,F,2029,2029,Alto Jahuel 110,0,F,EtaMes,41.57222323,42.7770737,39.87463459,42.68016319,43.02394138,41.51173042,42.82274381,42.70467764,42.50806978,45.00713467,45.46741579,47.83577701
29,F,2030,2030,Alto Jahuel 110,0,F,EtaMes,41.82108748,43.0351734,40.09989298,42.9233112,43.22520483,41.69151798,43.06161157,42.9409812,42.73243387,45.0588453,45.50914648,47.86267107
30,F,2031,*,Alto Jahuel 110,0,F,EtaMes,41.86537648,43.08253571,40.1332831,42.95940569,43.22281167,41.67171507,43.09718754,42.9758946,42.75900383,45.82514865,46.28360378,48.66288319
31,F,2017,2017,Alto Jahuel 154,0,F,EtaMes,41.08953687,44.12181135,41.87158033,37.65489886,45.96956647,43.95295746,41.73897119,46.19125345,44.83693203,52.45123697,45.35075748,52.76000095
32,F,2018,2018,Alto Jahuel 154,0,F,EtaMes,44.06763237,47.36533834,44.94059262,40.37236989,49.30661238,47.13051234,44.66532306,49.51637473,48.0413369,55.23666533,48.04223394,55.82478007
33,F,2019,2019,Alto Jahuel 154,0,F,EtaMes,46.22423684,49.81801141,47.26430525,42.28908374,51.83555996,49.52518944,46.77396189,52.01702803,50.30666419,56.97539526,49.70947728,57.72850144
34,F,2020,2020,Alto Jahuel 154,0,F,EtaMes,47.82227685,51.60772618,48.96649899,43.73029964,53.69007258,51.28635728,48.35011256,53.85691199,52.00855264,57.30260749,49.75057031,57.81453675
35,F,2021,2021,Alto Jahuel 154,0,F,EtaMes,47.86317509,51.53375431,48.89563505,43.81409609,53.62253896,51.23680683,48.45471401,53.8280891,52.12250915,59.36345842,51.83564896,60.17850549
36,F,2022,2022,Alto Jahuel 154,0,F,EtaMes,49.86056272,53.8205652,51.07147661,45.59770095,55.98964276,53.47825273,50.40058808,56.16144051,54.2221885,61.3697609,53.79851547,62.41864756
37,F,2023,2023,Alto Jahuel 154,0,F,EtaMes,51.74451026,55.94717244,53.09245311,47.28521107,58.19249997,55.56965583,52.24689233,58.33978431,56.21630797,63.16511897,55.54002701,64.40791981
38,F,2024,2024,Alto Jahuel 154,0,F,EtaMes,53.4157443,57.82776266,54.87979501,48.78474572,60.14110854,57.42027048,53.88795979,60.26853455,57.98898146,65.58392205,57.74005282,66.95250839
39,F,2025,2025,Alto Jahuel 154,0,F,EtaMes,55.53233285,60.15450828,57.08859144,50.69763056,62.5604439,59.72751414,55.99647263,62.67600108,60.26351468,68.49195518,60.38497672,70.01129779
40,F,2026,2026,Alto Jahuel 154,0,F,EtaMes,58.07764176,62.95279405,59.74461009,52.99907377,65.47041554,62.50240964,58.53506612,65.57324338,62.99964355,71.33994033,62.93894613,72.97540113
41,F,2027,2027,Alto Jahuel 154,0,F,EtaMes,60.53830562,65.64291877,62.2966945,55.22572563,68.27090566,65.17629348,60.99646533,68.36429652,65.65210413,74.28066526,65.62483257,76.08495653
42,F,2028,2028,Alto Jahuel 154,0,F,EtaMes,63.12575679,68.49423474,65.00201749,57.55876262,71.23743761,68.00580573,63.57306386,71.31372863,68.42822407,77.24654884,68.29928164,79.18960821
43,F,2029,2029,Alto Jahuel 154,0,F,EtaMes,65.70409479,71.32079356,67.6827103,59.88627284,74.18017307,70.81539687,66.14744456,74.24294125,71.20189045,78.31913219,69.27448719,80.35158794
44,F,2030,2030,Alto Jahuel 154,0,F,EtaMes,66.66837629,72.3944159,68.688635,60.72803703,75.31066607,71.90121026,67.11543503,75.36090388,72.22547999,78.93865686,69.81511588,81.02005144
45,F,2031,*,Alto Jahuel 154,0,F,EtaMes,67.21911776,73.00553029,69.25342884,61.19536615,75.96390676,72.53446869,67.67871772,76.00609271,72.80893083,80.67079181,71.31945971,82.79426095
46,F,2017,2017,Alto Jahuel 220,0,F,EtaMes,0.140403233,0.125038026,0.093303879,0.122420721,0.097906891,0.108312694,0.105087674,0.101574013,0.18603108,0.097071297,0.097545255,0.178583736
47,F,2018,2018,Alto Jahuel 220,0,F,EtaMes,0.162383821,0.14461314,0.107910908,0.141586087,0.113234537,0.125269402,0.121539495,0.117475759,0.215154857,0.111183032,0.111725892,0.204545337
48,F,2019,2019,Alto Jahuel 220,0,F,EtaMes,0.18599036,0.165636267,0.123598451,0.162169157,0.129696001,0.143480435,0.139208293,0.134553792,0.246432983,0.112411142,0.112959999,0.206804713
49,F,2020,2020,Alto Jahuel 220,0,F,EtaMes,0.188044781,0.16746586,0.1249637,0.163960452,0.131128603,0.145065298,0.140745966,0.136040052,0.249155043,0.113451723,0.11400566,0.208719088
50,F,2021,2021,Alto Jahuel 220,0,F,EtaMes,0.189785496,0.169016078,0.126120479,0.165478221,0.13234245,0.146408156,0.14204884,0.137299364,0.251461451,0.114428659,0.114987366,0.210516373
51,F,2022,2022,Alto Jahuel 220,0,F,EtaMes,0.191419743,0.170471479,0.127206505,0.166903158,0.133482054,0.14766888,0.143272026,0.138481652,0.253626792,0.115090025,0.115651961,0.2117331
52,F,2023,2023,Alto Jahuel 220,0,F,EtaMes,0.192526097,0.171456758,0.127941724,0.167867812,0.134253544,0.148522365,0.144100099,0.139282038,0.255092685,0.11571169,0.116276662,0.212876789
53,F,2024,2024,Alto Jahuel 220,0,F,EtaMes,0.193566038,0.172382891,0.128632809,0.16877456,0.134978722,0.149324618,0.144878464,0.140034378,0.256470583,0.116970598,0.117541716,0.215192822
54,F,2025,2025,Alto Jahuel 220,0,F,EtaMes,0.195671976,0.174258364,0.130032294,0.170610775,0.136447249,0.150949223,0.146454696,0.141557908,0.259260904,0.118932354,0.119513051,0.218801898
55,F,2026,2026,Alto Jahuel 220,0,F,EtaMes,0.198953662,0.177180914,0.132213112,0.17347215,0.138735655,0.153480847,0.148910941,0.143932027,0.263609062,0.120315571,0.120903021,0.221346626
56,F,2027,2027,Alto Jahuel 220,0,F,EtaMes,0.201267549,0.179241577,0.133750788,0.17548968,0.140349189,0.155265872,0.150642817,0.145605997,0.266674909,0.1215608,0.12215433,0.223637495
57,F,2028,2028,Alto Jahuel 220,0,F,EtaMes,0.203350606,0.181096672,0.135135067,0.177305944,0.14180176,0.156872826,0.152201924,0.147112974,0.269434912,0.122689222,0.123288262,0.225713474
58,F,2029,2029,Alto Jahuel 220,0,F,EtaMes,0.205238266,0.182777754,0.136389497,0.178951837,0.143118075,0.158329043,0.153614782,0.148478592,0.271936019,0.121329999,0.121922402,0.223212887
59,F,2030,2030,Alto Jahuel 220,0,F,EtaMes,0.202964515,0.180752834,0.134878494,0.176969302,0.141532529,0.15657498,0.151912946,0.146833659,0.268923351,0.119286253,0.119868678,0.219452973
60,F,2031,*,Alto Jahuel 220,0,F,EtaMes,0.199545675,0.177708139,0.13260653,0.17398834,0.139148481,0.15393755,0.149354046,0.144360316,0.264393466,0.118923671,0.119504325,0.218785925
61,F,2017,2017,Candelaria 220,0,F,EtaMes,155.2258132,184.0941343,169.0883888,174.8038101,174.3002472,174.9401436,176.7195472,167.544595,167.8074445,165.7782944,137.614998,171.2464192
62,F,2018,2018,Candelaria 220,0,F,EtaMes,156.1662036,185.1916166,170.0512958,176.0884502,175.5624139,176.2084625,178.2007174,168.949997,169.2472172,168.2725336,139.682274,173.8053565
63,F,2019,2019,Candelaria 220,0,F,EtaMes,158.4480143,187.8939134,172.5234978,178.7072034,178.1695343,178.825485,180.8879102,171.497922,171.8061456,163.9786865,136.0956433,169.2488024
64,F,2020,2020,Candelaria 220,0,F,EtaMes,153.9359449,182.5183027,167.5241984,173.935423,173.385761,174.0262314,176.3139933,167.1630256,167.5085511,159.0527418,131.982097,164.0273151
65,F,2021,2021,Candelaria 220,0,F,EtaMes,148.7821779,176.3792602,161.8176278,168.4713562,167.9091707,168.5318215,171.06474,162.1880072,162.5741561,158.4418979,131.4667534,163.351294
66,F,2022,2022,Candelaria 220,0,F,EtaMes,148.0330032,175.4815753,160.9698394,167.7440921,167.1743176,167.7950539,170.423626,161.5807623,161.9825518,160.4302765,133.113581,165.3848219
67,F,2023,2023,Candelaria 220,0,F,EtaMes,149.8272361,177.6050827,162.909077,169.8205371,169.240129,169.8688257,172.5680377,163.6141205,164.0270705,160.3326449,133.0246764,165.2411938
68,F,2024,2024,Candelaria 220,0,F,EtaMes,149.5702085,177.2914799,162.5987945,169.6423267,169.0531776,169.6819365,172.4778176,163.5291421,163.9578156,162.5363971,134.8461844,167.4748605
69,F,2025,2025,Candelaria 220,0,F,EtaMes,151.4811304,179.548767,164.6492195,171.9086304,171.303438,171.9412277,174.8614327,165.7895777,166.2381005,163.9573546,136.0131978,168.8744109
70,F,2026,2026,Candelaria 220,0,F,EtaMes,152.5562454,180.809654,165.7713997,173.2990377,172.67489,173.318924,176.4123749,167.2608989,167.7373455,165.9922127,137.6917081,170.918393
71,F,2027,2027,Candelaria 220,0,F,EtaMes,154.2493393,182.8054949,167.5738121,175.3594341,174.7165587,175.3691229,178.61968,169.3543757,169.8560255,168.4501116,139.7247591,173.4177027
72,F,2028,2028,Candelaria 220,0,F,EtaMes,156.4116854,185.3615771,169.9002287,177.9011133,177.2420468,177.9046001,181.2754141,171.8727635,172.393561,170.9188045,141.7661426,175.9247457
73,F,2029,2029,Candelaria 220,0,F,EtaMes,158.5710156,187.9133798,172.2209328,180.4483066,179.7722918,180.4449116,183.9439275,174.4033117,174.9445464,169.4436521,140.536831,174.3749959
74,F,2030,2030,Candelaria 220,0,F,EtaMes,157.0813021,186.1414463,170.5803293,178.836229,178.1594064,178.8265459,182.367167,172.9087422,173.4569732,166.7767898,138.3186786,171.5964875
75,F,2031,*,Candelaria 220,0,F,EtaMes,154.4776937,183.0490516,167.7283977,175.9622612,175.2888905,175.9458821,179.5086191,170.1988958,170.7511469,166.4484273,138.0396218,171.2220339
76,F,2017,2017,Cardones 220,0,F,EtaMes,140.855653,140.9552333,127.2670053,134.4271129,138.8937799,133.8368703,138.7521757,138.3565789,140.3229508,140.0198196,132.8390509,147.1299564
77,F,2018,2018,Cardones 220,0,F,EtaMes,146.2594519,146.3373373,131.9969693,139.6967858,144.162873,138.9200738,144.0025652,143.6039851,145.590533,145.3195237,137.8507914,152.975014
78,F,2019,2019,Cardones 220,0,F,EtaMes,152.0243762,152.0698489,136.9819289,145.3712331,149.7636916,144.3274693,149.5779399,149.1813783,151.1658266,147.5590373,139.958886,155.6269032
79,F,2020,2020,Cardones 220,0,F,EtaMes,154.6102995,154.6190875,139.0810729,148.0235109,152.2253243,146.710925,152.0161088,151.6316492,153.564371,141.875112,134.5578807,149.8731923
80,F,2021,2021,Cardones 220,0,F,EtaMes,148.849796,148.8287929,133.7137292,142.6572237,146.4868088,141.1903868,146.2689765,145.9141744,147.7053105,146.748952,139.1650732,155.2695173
81,F,2022,2022,Cardones 220,0,F,EtaMes,154.1695161,154.1158277,138.2973202,147.9053352,151.6486152,146.1745273,151.405882,151.054244,152.837546,150.7614424,142.954841,159.771849
82,F,2023,2023,Cardones 220,0,F,EtaMes,158.5982533,158.5101112,142.0684402,152.3094337,155.9293126,150.3101235,155.6619077,155.3165658,157.0767361,153.764369,145.7877915,163.2033451
83,F,2024,2024,Cardones 220,0,F,EtaMes,161.9637082,161.8419578,144.8882151,155.6920938,159.1652808,153.4387176,158.8750825,158.5382843,160.2638253,157.6571879,149.4653911,167.5650351
84,F,2025,2025,Cardones 220,0,F,EtaMes,166.2545383,166.1003354,148.5470812,159.9556957,163.314901,157.4475846,163.0012391,162.670147,164.3750588,162.7991701,154.3267256,173.2552868
85,F,2026,2026,Cardones 220,0,F,EtaMes,171.8639201,171.6757748,153.3829277,165.4881536,168.7590607,162.7043882,168.4193621,168.0914162,169.7889249,167.4981287,158.7679669,178.4742589
86,F,2027,2027,Cardones 220,0,F,EtaMes,177.0059025,176.7842643,157.8013755,170.5706027,173.7441013,167.518521,173.3792704,173.0553774,174.7408005,173.0214722,163.989705,184.5774541
87,F,2028,2028,Cardones 220,0,F,EtaMes,183.0245371,182.7673811,162.996293,176.500986,179.5874057,173.1602211,179.195208,178.874144,180.5541101,178.3561991,169.0332232,190.4707251
88,F,2029,2029,Cardones 220,0,F,EtaMes,188.8363823,188.5451174,168.0138692,182.2267383,185.2303789,178.6084497,184.8118549,184.4934299,186.1685475,179.5423985,170.1392474,191.9290621
89,F,2030,2030,Cardones 220,0,F,EtaMes,190.2589173,189.9389226,169.1241179,183.7103876,186.5635605,179.8991336,186.128445,185.8198839,187.4520727,179.4103584,169.9959211,191.9771381
90,F,2031,*,Cardones 220,0,F,EtaMes,190.2838773,189.9375702,168.9926795,183.843791,186.5264263,179.8683542,186.077978,185.7814834,187.3590461,181.566236,172.0253601,194.4625504
91,F,2017,2017,Carrera Pinto 220,0,F,EtaMes,0.477708705,0.535909561,0.490451948,0.515781254,0.505581047,0.525561678,0.540775636,0.525561688,0.540348166,0.476167625,0.553382269,0.494828512
92,F,2018,2018,Carrera Pinto 220,0,F,EtaMes,0.504513728,0.56598033,0.517972016,0.544722591,0.533950033,0.55505181,0.571119449,0.555051821,0.570667993,0.506358858,0.588469269,0.526202932
93,F,2019,2019,Carrera Pinto 220,0,F,EtaMes,0.536502236,0.601866105,0.550813841,0.579260527,0.567804939,0.590244667,0.607331068,0.590244678,0.606850987,0.527080923,0.612551594,0.547737089
94,F,2020,2020,Carrera Pinto 220,0,F,EtaMes,0.558457879,0.626496677,0.573355167,0.602965996,0.591041603,0.614399647,0.632185287,0.614399659,0.631685559,0.51716168,0.60102386,0.537429113
95,F,2021,2021,Carrera Pinto 220,0,F,EtaMes,0.547948146,0.614706509,0.56256508,0.591618656,0.579918671,0.602837135,0.620288063,0.602837146,0.61979774,0.545882272,0.634401741,0.567275258
96,F,2022,2022,Carrera Pinto 220,0,F,EtaMes,0.578378465,0.648844256,0.593807151,0.624474218,0.612124474,0.636315716,0.654735782,0.636315728,0.654218229,0.572140646,0.664918135,0.594562691
97,F,2023,2023,Carrera Pinto 220,0,F,EtaMes,0.606199992,0.680055372,0.622370838,0.654513072,0.641569272,0.666924177,0.686230296,0.666924189,0.685687848,0.594504036,0.690907939,0.617802496
98,F,2024,2024,Carrera Pinto 220,0,F,EtaMes,0.629894667,0.706636849,0.646697586,0.680096171,0.666646435,0.692992392,0.713053134,0.692992405,0.712489483,0.619672585,0.720157784,0.643957395
99,F,2025,2025,Carrera Pinto 220,0,F,EtaMes,0.656561492,0.736552584,0.674075769,0.708888296,0.69486916,0.722330483,0.743240504,0.722330496,0.74265299,0.649815922,0.75518912,0.675282041
100,F,2026,2026,Carrera Pinto 220,0,F,EtaMes,0.688499252,0.772381428,0.706865493,0.743371439,0.728670357,0.757467508,0.779394675,0.757467522,0.778778583,0.678205833,0.788182698,0.704784546
101,F,2027,2027,Carrera Pinto 220,0,F,EtaMes,0.718579205,0.806126123,0.737747852,0.775848712,0.760505352,0.790560626,0.813445773,0.790560641,0.812802764,0.710221377,0.825389835,0.73805477
102,F,2028,2028,Carrera Pinto 220,0,F,EtaMes,0.752500624,0.844180302,0.772574151,0.812473609,0.796405946,0.827880017,0.851845485,0.827880032,0.851172122,0.741076783,0.861248708,0.770119392
103,F,2029,2029,Carrera Pinto 220,0,F,EtaMes,0.785192842,0.880855523,0.806138458,0.847771339,0.831005621,0.863847075,0.888853718,0.863847091,0.888151101,0.754821374,0.877222102,0.784402629
104,F,2030,2030,Carrera Pinto 220,0,F,EtaMes,0.799755644,0.89719256,0.821089734,0.863494771,0.846418102,0.87986866,0.905339096,0.879868676,0.904623447,0.762988114,0.886713149,0.792889422
105,F,2031,*,Carrera Pinto 220,0,F,EtaMes,0.808408548,0.906899676,0.829973461,0.872837296,0.855575868,0.889388341,0.915134353,0.889388358,0.914410961,0.780175753,0.90668791,0.81075064
106,F,2017,2017,Cerro Navia 110,0,F,EtaMes,85.99043573,92.09356969,90.89141278,92.3895245,95.21510556,94.08622005,95.61833967,95.47022525,95.20796085,120.0428027,110.4567976,122.191235
107,F,2018,2018,Cerro Navia 110,0,F,EtaMes,113.2099534,117.6814855,114.5033818,116.1578393,119.5585667,116.6962058,119.6539149,119.6922364,120.4670501,123.141811,113.279603,125.2912687
108,F,2019,2019,Cerro Navia 110,0,F,EtaMes,116.0544975,120.6287714,117.3625935,119.2020408,122.6803795,119.7569391,122.785286,122.8098001,123.6275501,125.3072445,115.2701181,127.4958184
109,F,2020,2020,Cerro Navia 110,0,F,EtaMes,118.0943036,122.74836,119.4263221,121.2866135,124.8283131,121.8619395,124.9406689,124.9631618,125.7881276,127.6013474,117.3969696,129.8407355
110,F,2021,2021,Cerro Navia 110,0,F,EtaMes,120.2720327,125.0166618,121.6282818,123.5026938,127.1087251,124.112961,127.2400411,127.2627815,128.0971327,129.5585915,119.1907157,131.8379845
111,F,2022,2022,Cerro Navia 110,0,F,EtaMes,122.1151664,126.9304331,123.4991483,125.3940734,129.0617567,126.0092309,129.1789577,129.1986117,130.0432757,131.4547972,120.9414683,133.7730461
112,F,2023,2023,Cerro Navia 110,0,F,EtaMes,123.9160245,128.8053753,125.319816,127.2262208,130.9473187,127.8662645,131.0750591,131.0955072,131.9453822,133.2791662,122.6256434,135.6348507
113,F,2024,2024,Cerro Navia 110,0,F,EtaMes,125.6485643,130.6091031,127.0716316,128.9893535,132.7619349,129.6520797,132.8988527,132.9201615,133.7758275,136.5583803,125.65998,138.9851017
114,F,2025,2025,Cerro Navia 110,0,F,EtaMes,128.7739906,133.8664907,130.2292898,132.1572317,136.0210642,132.8848999,136.1878178,136.2098433,137.0621467,140.600138,129.3960136,143.1154889
115,F,2026,2026,Cerro Navia 110,0,F,EtaMes,132.6226524,137.876628,134.1202466,136.0648122,140.0434551,136.8694974,140.2378146,140.2587424,141.105253,144.6136059,133.1125234,147.2208961
116,F,2027,2027,Cerro Navia 110,0,F,EtaMes,136.4574819,141.8755863,137.9958646,139.9477813,144.0387045,140.8378029,144.266707,144.2885598,145.1255548,148.4779771,136.690697,151.1751617
117,F,2028,2028,Cerro Navia 110,0,F,EtaMes,140.1515805,145.7280107,141.7302739,143.6889517,147.888532,144.659194,148.1452539,148.1680976,148.9961397,152.4606774,140.3826391,155.2512588
118,F,2029,2029,Cerro Navia 110,0,F,EtaMes,143.9646186,149.7062232,145.5829733,147.5449481,151.8547751,148.6047891,152.148085,152.1730592,152.9894294,153.365997,141.2501162,156.2313294
119,F,2030,2030,Cerro Navia 110,0,F,EtaMes,144.9411806,150.7493116,146.5864584,148.5171483,152.8550768,149.6022196,153.0914596,153.1276875,153.9271182,153.7747905,141.6612708,156.7093944
120,F,2031,*,Cerro Navia 110,0,F,EtaMes,145.4558508,151.313205,147.1248725,149.0156666,153.3681609,150.1159859,153.5386893,153.5876434,154.367384,156.3032133,144.0173538,159.3222375
121,F,2017,2017,Charrua 220,0,F,EtaMes,173.9680547,195.6707099,187.429324,182.122837,191.1312897,184.7414218,209.9503989,194.4799379,205.4347825,194.0238646,199.9612281,207.4929938
122,F,2018,2018,Charrua 220,0,F,EtaMes,181.7734318,204.633528,196.0456426,190.5238675,200.0051454,193.2520016,219.5007869,203.4309422,214.8496642,199.2977835,205.2137946,213.0268998
123,F,2019,2019,Charrua 220,0,F,EtaMes,185.5003661,208.7982826,200.0361647,194.4134331,204.0768084,197.1926436,224.0341576,207.5969528,219.2744953,203.067299,209.1128337,217.0840598
124,F,2020,2020,Charrua 220,0,F,EtaMes,189.0016554,212.7519459,203.8212001,198.1085708,207.9453641,200.9216007,228.2904985,211.5324219,223.4415789,206.9144379,213.0970507,221.2298349
125,F,2021,2021,Charrua 220,0,F,EtaMes,192.5724604,216.7897645,207.6848353,201.883141,211.8968901,204.7288077,232.6408885,215.5505057,227.6981656,209.4672397,215.739858,223.991558
126,F,2022,2022,Charrua 220,0,F,EtaMes,194.9440305,219.4629692,210.2468382,204.3898007,214.5101616,207.2434165,235.517739,218.2166147,230.5280703,213.0310092,219.439687,227.8429306
127,F,2023,2023,Charrua 220,0,F,EtaMes,198.2474515,223.2058748,213.8262917,207.8953924,218.1777476,210.773269,239.5600114,221.944603,234.4808738,215.8723828,222.3923406,230.9219669
128,F,2024,2024,Charrua 220,0,F,EtaMes,200.8787558,226.18491,216.6768495,210.6924959,221.0975353,213.5801965,242.7803361,224.9180607,237.6373189,221.3515609,228.0657982,236.8274373
129,F,2025,2025,Charrua 220,0,F,EtaMes,205.9643356,231.9320218,222.1768933,216.0653385,226.7200736,218.9964818,248.9703209,230.639648,243.7007687,227.827839,234.7652776,243.8026853
130,F,2026,2026,Charrua 220,0,F,EtaMes,211.9806078,238.7228688,228.6776054,222.4099247,233.3595752,225.3939982,256.275945,237.3999111,250.8657284,234.2113522,241.3732614,250.6835583
131,F,2027,2027,Charrua 220,0,F,EtaMes,217.9094866,245.4194201,235.0860389,228.6662375,239.9063259,231.7001011,263.4817182,244.065122,257.9334639,239.7898741,247.1499695,256.7051344
132,F,2028,2028,Charrua 220,0,F,EtaMes,223.0905118,251.2683798,240.6845022,234.1349965,245.6229575,237.2034997,269.7750994,249.8907968,264.1161924,245.6023555,253.1708621,262.9799307
133,F,2029,2029,Charrua 220,0,F,EtaMes,228.4870933,257.3625253,246.5168874,239.8336559,251.580582,242.9383242,276.3349114,255.961794,270.5595556,245.0905799,252.6857488,262.5141667
134,F,2030,2030,Charrua 220,0,F,EtaMes,228.0513594,256.9190549,246.0604698,239.3799392,251.107162,242.4591049,275.8194335,255.4598536,270.1002831,243.0646759,250.6379038,260.4294628
135,F,2031,*,Charrua 220,0,F,EtaMes,226.2101248,254.8873159,244.0836942,237.4450378,249.0773172,240.475943,273.5930003,253.3791775,267.9763814,244.9667497,252.6288626,262.5317006
136,F,2017,2017,Chena 110,0,F,EtaMes,63.15925151,76.15824528,74.83260644,77.61075717,79.10259907,74.4838732,78.43216573,77.72920701,79.71922645,87.74697356,81.1514893,92.08771366
137,F,2018,2018,Chena 110,0,F,EtaMes,83.42056904,96.78247491,94.80426421,98.40810373,100.131593,94.05376412,98.88513469,98.27262008,101.0244849,96.89496105,89.77257281,102.1947597
138,F,2019,2019,Chena 110,0,F,EtaMes,91.16287701,105.0693663,102.9460556,107.0410491,108.8685241,102.5828851,107.5128288,106.9299208,109.8720593,98.17839744,90.9613548,103.5471389
139,F,2020,2020,Chena 110,0,F,EtaMes,92.34103815,106.4844525,104.3366809,108.4785475,110.3311497,103.943065,108.9525016,108.353496,111.3363544,99.36283719,92.05719276,104.7904884
140,F,2021,2021,Chena 110,0,F,EtaMes,93.42858477,107.846776,105.6768285,109.8634781,111.7386961,105.2332433,110.3372333,109.7130449,112.7366547,100.5213898,93.12808515,106.0057807
141,F,2022,2022,Chena 110,0,F,EtaMes,94.47106889,109.0768259,106.885737,111.1114006,113.0094723,106.4210862,111.5939134,110.9590688,114.0166789,101.4665971,94.00113753,106.9943911
142,F,2023,2023,Chena 110,0,F,EtaMes,95.32748083,110.1525947,107.9451974,112.2059177,114.1221007,107.4383999,112.6899646,112.0346902,115.1245022,102.3711891,94.83663034,107.940189
143,F,2024,2024,Chena 110,0,F,EtaMes,96.14648735,111.1804921,108.9575139,113.2514604,115.185061,108.4100296,113.7368919,113.0622591,116.1830419,103.9567241,96.30375801,109.6061671
144,F,2025,2025,Chena 110,0,F,EtaMes,97.592009,113.0426728,110.7926816,115.146051,117.1098136,110.1615316,115.627403,114.9106202,118.0874463,106.0960612,98.285828,111.8635569
145,F,2026,2026,Chena 110,0,F,EtaMes,99.55736243,115.5223702,113.2346111,117.6699381,119.6742649,112.5146321,118.1452158,117.3803193,120.6299935,107.9128482,99.96864385,113.7781603
146,F,2027,2027,Chena 110,0,F,EtaMes,101.2127756,117.6974367,115.3810049,119.8831202,121.9222678,114.5487541,120.3443355,119.5244442,122.8415554,109.6198908,101.5500471,115.5780241
147,F,2028,2028,Chena 110,0,F,EtaMes,102.765683,119.7470771,117.4046171,121.9686187,124.0406712,116.4622534,122.4139104,121.5410485,124.9225159,111.2880635,103.0953415,117.3363423
148,F,2029,2029,Chena 110,0,F,EtaMes,104.2824212,121.7872211,119.4204145,124.0453667,126.149453,118.3556139,124.4712219,123.5400266,126.9867724,110.4764492,102.3665132,116.5471367
149,F,2030,2030,Chena 110,0,F,EtaMes,103.5816929,121.2491215,118.9180328,123.4982346,125.5925883,117.7252673,123.8045443,122.8378861,126.3025906,109.1440951,101.156095,115.2084824
150,F,2031,*,Chena 110,0,F,EtaMes,102.390242,120.1513284,117.8679007,122.3776637,124.4535688,116.5388199,122.5561675,121.5566928,125.027153,109.4969133,101.4918619,115.6041198
151,F,2017,2017,Colbun 220,0,F,EtaMes,27.81388121,32.43410605,25.44546295,33.2077788,33.07989662,32.35657314,33.63979875,10.03591361,26.92125986,33.02451561,32.24944734,30.37348553
152,F,2018,2018,Colbun 220,0,F,EtaMes,29.01599657,33.83590743,26.54521533,34.6430183,34.50960905,33.75502355,35.09371014,10.46966559,28.08479614,33.8980458,33.10247623,31.17689343
153,F,2019,2019,Colbun 220,0,F,EtaMes,29.78349758,34.73089972,27.2473618,35.55935944,35.4224214,34.64787638,36.02197252,10.74659831,28.827666,34.78112115,33.96482625,31.98908024
154,F,2020,2020,Colbun 220,0,F,EtaMes,30.55938514,35.63567167,27.95718069,36.48571354,36.34520813,35.5504855,36.96037811,11.0265571,29.57865328,35.69074735,34.853104,32.82568655
155,F,2021,2021,Colbun 220,0,F,EtaMes,31.35860082,36.56764682,28.68834125,37.43991972,37.29573969,36.48023279,37.92699813,11.31493324,30.35222,36.39313012,35.53900221,33.47168582
156,F,2022,2022,Colbun 220,0,F,EtaMes,31.9757283,37.2872867,29.25291885,38.17672566,38.02970821,37.19815239,38.67338962,11.53760759,30.94954222,37.36913832,36.492104,34.36934534
157,F,2023,2023,Colbun 220,0,F,EtaMes,32.83326853,38.28727481,30.03743749,39.20056717,39.04960694,38.19575006,39.7105509,11.84702862,31.7795617,38.2823473,37.38388044,35.20924683
158,F,2024,2024,Colbun 220,0,F,EtaMes,33.63563211,39.22292077,30.7714779,40.15853172,40.0038824,39.12915937,40.68097819,12.13654059,32.5561753,39.69816594,38.76647055,36.51141118
159,F,2025,2025,Colbun 220,0,F,EtaMes,34.87959854,40.67352519,31.90951762,41.6437384,41.48336959,40.57629617,42.18550682,12.58539343,33.76021955,41.38614678,40.41483536,38.06389002
160,F,2026,2026,Colbun 220,0,F,EtaMes,36.3626921,42.40297868,33.26632223,43.41444571,43.24725796,42.30161543,43.97925032,13.12052906,35.19571669,43.14381244,42.13124951,39.68045976
161,F,2027,2027,Colbun 220,0,F,EtaMes,37.90701212,44.20382909,34.67913972,45.25825303,45.08396483,44.09816096,45.84704484,13.67775666,36.69047538,44.83426112,43.78202424,41.23520833
162,F,2028,2028,Colbun 220,0,F,EtaMes,39.39227397,45.93581104,36.03792799,47.03154912,46.85043201,45.82600265,47.64341081,14.21367466,38.12807123,46.6349487,45.54045062,42.89134642
163,F,2029,2029,Colbun 220,0,F,EtaMes,40.97439391,47.7807404,37.48532665,48.92048684,48.73209548,47.66652175,49.55692284,14.78454138,39.65941674,47.415726,46.30290348,43.60944713
164,F,2030,2030,Colbun 220,0,F,EtaMes,41.66040038,48.58070091,38.11291803,49.73952935,49.54798388,48.46456998,50.38662077,15.03206893,40.32340744,48.01612823,46.88921458,44.1616523
165,F,2031,*,Colbun 220,0,F,EtaMes,42.18792573,49.19585465,38.59552334,50.36935677,50.17538585,49.07825321,51.02464199,15.22241269,40.8340031,49.32111111,48.16357018,45.36187819
166,F,2017,2017,Diego de Almagro 220,0,F,EtaMes,65.15774267,70.3636618,67.67152439,69.15825984,66.49629946,71.72650275,77.57893869,73.98096805,75.83808586,70.61272974,65.91638897,72.94102651
167,F,2018,2018,Diego de Almagro 220,0,F,EtaMes,67.13567325,72.47020441,69.67140234,71.16849384,68.45715825,73.74284718,79.73628809,76.04249497,77.9281748,74.69832629,69.72544636,77.15492817
168,F,2019,2019,Diego de Almagro 220,0,F,EtaMes,71.02495365,76.66192079,73.695382,75.27139819,72.41004427,77.9787632,84.31118865,80.40641468,82.39509333,68.04021159,63.39055453,70.11802489
169,F,2020,2020,Diego de Almagro 220,0,F,EtaMes,64.8155572,69.79506083,66.94828088,68.19188685,65.75659927,70.2604313,75.83411302,72.34569823,74.00485697,63.79311156,59.39180282,65.68545384
170,F,2021,2021,Diego de Almagro 220,0,F,EtaMes,60.8120705,65.42665399,62.70709022,63.80609101,61.58249688,65.60680043,70.76476168,67.51793438,69.02039328,64.71554961,60.21188255,66.58370187
171,F,2022,2022,Diego de Almagro 220,0,F,EtaMes,61.73052938,66.36183488,63.55628518,64.60926649,62.40868551,66.30779408,71.47766049,68.20591995,69.68099009,64.999411,60.43249561,66.81784257
172,F,2023,2023,Diego de Almagro 220,0,F,EtaMes,62.0452522,66.64069704,63.77042159,64.75847054,62.61021094,66.32040546,71.44253544,68.18119872,69.60756392,65.12372886,60.5093142,66.89402083
173,F,2024,2024,Diego de Almagro 220,0,F,EtaMes,62.20309513,66.7572625,63.83477745,64.76272777,62.66559444,66.19926971,71.26843969,68.02292827,69.40284597,65.60559983,60.91918743,67.33858541
174,F,2025,2025,Diego de Almagro 220,0,F,EtaMes,62.7016106,67.24058474,64.25085259,65.12513647,63.06642366,66.4469424,71.49233795,68.24435678,69.58646421,66.87158954,62.06159903,68.59388245
175,F,2026,2026,Diego de Almagro 220,0,F,EtaMes,63.94505769,68.52881224,65.44144081,66.2795944,64.22838174,67.51713935,72.60623761,69.31444448,70.64040442,68.72949845,63.76703285,70.4745582
176,F,2027,2027,Diego de Almagro 220,0,F,EtaMes,65.74069564,70.42747131,67.23161876,68.06293513,65.98157514,69.27247547,74.47246817,71.09994008,72.43884215,70.92545969,65.78558244,72.70116617
177,F,2028,2028,Diego de Almagro 220,0,F,EtaMes,67.86021901,72.67238593,69.35169655,70.17941995,68.05842789,71.36515557,76.70076423,73.23121372,74.58897337,73.04691095,67.73577629,74.8524035
178,F,2029,2029,Diego de Almagro 220,0,F,EtaMes,69.90768999,74.84116739,71.40003913,72.22450667,70.06503553,73.38769096,78.85453192,75.29117442,76.6673225,73.48913309,68.1289714,75.28308759
179,F,2030,2030,Diego de Almagro 220,0,F,EtaMes,70.34795986,75.28951092,71.80721373,72.60968987,70.46118845,73.72403383,79.19665368,75.62132749,76.98440126,73.39278617,68.02296372,75.16216742
180,F,2031,*,Diego de Almagro 220,0,F,EtaMes,70.27259602,75.18611484,71.68827018,72.46300829,70.34110228,73.52062366,78.95905204,75.39791131,76.738028,74.22320818,68.77703603,75.99184857
181,F,2017,2017,El Salto 110,0,F,EtaMes,25.55778493,25.20856768,24.57204372,26.49345177,26.01691128,26.45828449,27.65872087,27.95009856,28.95986609,46.60994886,42.42259681,46.80380007
182,F,2018,2018,El Salto 110,0,F,EtaMes,40.07449333,39.75478896,38.78299093,41.29275127,41.07940337,40.45421829,42.56213396,42.99641243,44.69930775,51.19598697,46.51731856,51.17490063
183,F,2019,2019,El Salto 110,0,F,EtaMes,40.39903079,39.55515292,38.55835641,40.88820601,40.70090506,40.15975981,41.78806639,42.36161761,44.10297181,52.02887598,47.27271708,52.00573589
184,F,2020,2020,El Salto 110,0,F,EtaMes,41.04072978,40.17734234,39.16413058,41.53481681,41.34050152,40.80155751,42.45187466,43.03561975,44.80428784,52.7696997,47.93775412,52.74085008
185,F,2021,2021,El Salto 110,0,F,EtaMes,41.61174444,40.73079547,39.70161937,42.11023727,41.90670419,41.37255702,43.03839289,43.63256688,45.42262391,53.5410987,48.63718659,53.51042522
186,F,2022,2022,El Salto 110,0,F,EtaMes,42.2179698,41.32212666,40.27632156,42.72532277,42.51527415,41.98409501,43.66932348,44.27463299,46.09152181,54.24314693,49.27415939,54.21119376
187,F,2023,2023,El Salto 110,0,F,EtaMes,42.76700808,41.8573292,40.79725251,43.28075716,43.06582798,42.53388764,44.23850293,44.85275134,46.69342179,54.92113705,49.88938161,54.88806859
188,F,2024,2024,El Salto 110,0,F,EtaMes,43.29941473,42.37705883,41.30306836,43.81997232,43.60057905,43.067311,44.79083224,45.41383088,47.27769376,55.98511002,50.85327742,55.94846649
189,F,2025,2025,El Salto 110,0,F,EtaMes,44.12365175,43.17658934,42.07984689,44.65365898,44.42288874,43.90013303,45.64790904,46.2864226,48.18633528,57.23343234,51.98340048,57.19192879
190,F,2026,2026,El Salto 110,0,F,EtaMes,45.09784432,44.12290844,42.99763648,45.64279122,45.39676901,44.89281444,46.66571024,47.32491942,49.2685892,58.38880475,53.02918682,58.34290542
191,F,2027,2027,El Salto 110,0,F,EtaMes,46.01509661,45.01844755,43.86482596,46.57966212,46.31935724,45.83458874,47.62922541,48.30993883,50.2962378,59.46968117,54.00744856,59.41978939
192,F,2028,2028,El Salto 110,0,F,EtaMes,46.88467285,45.87076092,44.68924743,47.47177412,47.19809975,46.73223829,48.54627092,49.24874053,51.2764556,60.55454326,54.98928006,60.50063794
193,F,2029,2029,El Salto 110,0,F,EtaMes,47.75915164,46.72833874,45.51859587,48.36953097,48.08237482,47.63582298,49.46909405,50.19369036,52.26321781,59.24917015,53.80221111,59.20261039
194,F,2030,2030,El Salto 110,0,F,EtaMes,47.14722207,46.25165464,45.02049689,47.89369761,47.61711036,47.20066751,48.96682082,49.73185965,51.81146201,57.68563388,52.38118918,57.64779984
195,F,2031,*,El Salto 110,0,F,EtaMes,46.3663748,45.62051392,44.36999744,47.25767154,46.99487435,46.60709715,48.2983891,49.10417318,51.18913696,57.70123243,52.3928865,57.66456775
196,F,2017,2017,Itahue 154,0,F,EtaMes,17.73615801,20.86206809,21.0582759,18.92852639,15.61837205,17.55486919,20.35615669,21.98761041,23.47473683,19.94032792,23.0840373,25.34328882
197,F,2018,2018,Itahue 154,0,F,EtaMes,20.20468182,21.41546967,21.5132845,19.51507828,16.12996948,18.2826889,21.17743586,22.37897307,23.78365125,21.04177105,24.22250969,26.51331636
198,F,2019,2019,Itahue 154,0,F,EtaMes,20.63408501,21.85250287,21.92109099,19.87472518,16.4183085,18.66449656,21.62179078,22.84213102,24.26357379,21.53522158,24.78006194,27.12624683
199,F,2020,2020,Itahue 154,0,F,EtaMes,21.11728428,22.36897232,22.43963961,20.34553973,16.80192291,19.11257876,22.14009905,23.38566809,24.84317528,22.03063499,25.33892651,27.74234596
200,F,2021,2021,Itahue 154,0,F,EtaMes,21.60450907,22.88903215,22.9618503,20.81943372,17.18642397,19.5643481,22.66394033,23.93345256,25.42958919,22.44442252,25.8137508,28.2632429
201,F,2022,2022,Itahue 154,0,F,EtaMes,22.01036296,23.32121765,23.39527994,21.21196172,17.50893815,19.93541537,23.09330596,24.38614363,25.91002181,22.94709526,26.37262373,28.88072715
202,F,2023,2023,Itahue 154,0,F,EtaMes,22.504183,23.85123044,23.92736781,21.69585458,17.89828969,20.40083982,23.63211895,24.94681627,26.51164097,23.41914146,26.89803427,29.46106872
203,F,2024,2024,Itahue 154,0,F,EtaMes,22.9676918,24.34875844,24.42692093,22.15004371,18.26399147,20.83743756,24.13749998,25.473003,27.07594174,24.17830996,27.75408229,30.40602584
204,F,2025,2025,Itahue 154,0,F,EtaMes,23.71566625,25.14746621,25.22872021,22.87730846,18.85284371,21.53193057,24.94324272,26.31462765,27.97765623,25.09636642,28.79542563,31.55509217
205,F,2026,2026,Itahue 154,0,F,EtaMes,24.62214406,26.11387501,26.19761865,23.75535555,19.56565442,22.36926702,25.91487082,27.33097351,29.06471037,26.02657762,29.84767533,32.71859715
206,F,2027,2027,Itahue 154,0,F,EtaMes,25.54269713,27.09620905,27.18230975,24.64748268,20.28704516,23.22268754,26.90591146,28.36528194,30.1730334,26.91724323,30.85611106,33.83406991
207,F,2028,2028,Itahue 154,0,F,EtaMes,26.42482381,28.03784803,28.12584728,25.50198264,20.97778117,24.04069031,27.85580539,29.35658595,31.23485989,27.8530831,31.91271703,35.00394708
208,F,2029,2029,Itahue 154,0,F,EtaMes,27.35234489,29.02840407,29.11848436,26.40120245,21.70302344,24.90291214,28.85738731,30.4003409,32.3544131,28.04695121,32.15449109,35.29855978
209,F,2030,2030,Itahue 154,0,F,EtaMes,27.59322312,29.28581124,29.35704422,26.60713798,21.85039338,25.12994667,29.12867876,30.66664197,32.64264313,28.12455774,32.26614554,35.45180542
210,F,2031,*,Itahue 154,0,F,EtaMes,27.72285763,29.42471784,29.47564951,26.70343977,21.90715518,25.25452307,29.28185321,30.80810511,32.79782037,28.70856411,32.93594321,36.2053479
211,F,2017,2017,Lampa 220,0,F,EtaMes,16.44849232,18.85589834,18.74666412,19.10279856,19.94233326,12.55720418,20.94079008,20.35516959,21.63630413,19.56400049,19.11294791,25.49087109
212,F,2018,2018,Lampa 220,0,F,EtaMes,17.10872922,19.58134258,19.49938212,19.8315604,20.76798077,12.84886531,21.96193291,21.06768154,22.47481514,19.77422311,19.09995414,25.59759831
213,F,2019,2019,Lampa 220,0,F,EtaMes,17.64546552,20.19564989,20.11111815,20.45371756,21.41951537,13.25196085,22.65092427,21.72861838,23.17989668,20.16508324,19.47748657,26.10356412
214,F,2020,2020,Lampa 220,0,F,EtaMes,17.99424833,20.59484001,20.50863741,20.85800868,21.84289659,13.51390101,23.0986457,22.15810937,23.63807385,20.53959239,19.83922557,26.58836368
215,F,2021,2021,Lampa 220,0,F,EtaMes,18.32844039,20.97733067,20.8895271,21.24538696,22.24856636,13.76488334,23.52763744,22.56963332,24.07708393,20.92435085,20.21086438,27.08643091
216,F,2022,2022,Lampa 220,0,F,EtaMes,18.67177838,21.37028907,21.28084071,21.64336673,22.66533822,14.02273438,23.96836953,22.99241957,24.52810854,21.2430911,20.51873611,27.49903801
217,F,2023,2023,Lampa 220,0,F,EtaMes,18.95620523,21.69582228,21.60501137,21.97305973,23.01059889,14.23634243,24.33347925,23.34266267,24.90174476,21.54890377,20.81412106,27.89491045
218,F,2024,2024,Lampa 220,0,F,EtaMes,19.22909621,22.00815241,21.91603419,22.28938093,23.34185637,14.4412869,24.68378074,23.6787005,25.26022692,22.11628261,21.3621532,28.62937853
219,F,2025,2025,Lampa 220,0,F,EtaMes,19.73539492,22.58762319,22.49307952,22.87625641,23.95644334,14.82152344,25.33370034,24.30215651,25.92532425,22.84338724,22.06446474,29.57061056
220,F,2026,2026,Lampa 220,0,F,EtaMes,20.38422444,23.33022382,23.23257189,23.62834627,24.7440459,15.30880236,26.16658221,25.10112489,26.7776566,23.55069894,22.74765826,30.48622077
221,F,2027,2027,Lampa 220,0,F,EtaMes,21.0153918,24.05260969,23.95193411,24.35996306,25.51020868,15.78281678,26.97679172,25.87834409,27.60678713,24.23479127,23.40842415,31.37177368
222,F,2028,2028,Lampa 220,0,F,EtaMes,21.62583943,24.75128135,24.64768138,25.06756261,26.25122015,16.24127043,27.76040398,26.63004903,28.40869927,24.92626312,24.07631793,32.26687932
223,F,2029,2029,Lampa 220,0,F,EtaMes,22.24287215,25.45748979,25.35093389,25.78279525,27.00022515,16.70466956,28.5524693,27.38986285,29.21926189,25.08773275,24.2322817,32.47590066
224,F,2030,2030,Lampa 220,0,F,EtaMes,22.38695906,25.62240065,25.51515449,25.94981341,27.17512968,16.8128806,28.7374291,27.56729141,29.4085411,25.16016283,24.30224204,32.56966092
225,F,2031,*,Lampa 220,0,F,EtaMes,22.45159182,25.69637436,25.58881857,26.02473238,27.25358623,16.8614206,28.82039612,27.64688016,29.49344567,25.60563436,24.73252371,33.14632081
226,F,2017,2017,Las Vegas 110,0,F,EtaMes,92.29277878,103.1615785,101.33446,92.66474848,100.9723588,103.5481056,105.7515364,103.8838278,111.4632432,110.7481034,102.8234805,106.974195
227,F,2018,2018,Las Vegas 110,0,F,EtaMes,94.31680868,105.2678812,103.393842,94.22689649,103.1794021,105.6922218,107.9597626,106.416383,113.9317977,111.7873811,103.6541825,107.9131953
228,F,2019,2019,Las Vegas 110,0,F,EtaMes,95.11062473,105.9847085,104.0985936,94.38802879,104.0709147,106.4305682,108.7245987,107.3030727,114.916951,110.3355816,102.1152483,106.3874693
229,F,2020,2020,Las Vegas 110,0,F,EtaMes,93.73725147,104.1839682,102.3220147,92.28113346,102.5467293,104.6844963,106.9833578,105.7579866,113.3099857,107.6876386,99.52455196,103.6941857
230,F,2021,2021,Las Vegas 110,0,F,EtaMes,91.37472533,101.321246,99.49204731,89.69918133,99.86008801,101.9117327,104.2257015,103.1266963,110.5202697,109.756879,101.3761624,105.67554
231,F,2022,2022,Las Vegas 110,0,F,EtaMes,93.09352645,103.1664901,101.3092408,91.00084912,101.7811991,103.7553103,106.0995269,105.051914,112.6020367,115.7980395,107.105351,111.6326622
232,F,2023,2023,Las Vegas 110,0,F,EtaMes,98.3334502,109.2107048,107.2644178,96.4663204,107.5985388,109.7367615,112.1529808,110.9391561,118.8788956,119.8058032,110.874871,115.5659551
233,F,2024,2024,Las Vegas 110,0,F,EtaMes,101.7875213,113.1524567,111.1474779,99.9415498,111.4322446,113.6451513,116.1139946,114.8198173,123.0240617,125.4950458,116.224788,121.130118
234,F,2025,2025,Las Vegas 110,0,F,EtaMes,106.6859266,118.7295602,116.6357042,104.9544371,116.8401787,119.1944822,121.7496655,120.3315889,128.9103058,132.3252506,122.6404235,127.8038561
235,F,2026,2026,Las Vegas 110,0,F,EtaMes,112.5618267,125.4089365,123.2076902,110.9567858,123.3225675,125.8454482,128.5072857,126.9446951,135.9743334,130.5783844,120.7378668,125.9250939
236,F,2027,2027,Las Vegas 110,0,F,EtaMes,110.8720447,123.1198401,120.9430815,108.2207367,121.4246723,123.6476367,126.3296728,125.0463711,134.0097676,134.3897233,124.2230349,129.5928701
237,F,2028,2028,Las Vegas 110,0,F,EtaMes,114.0843421,126.6410406,124.4050105,111.1032627,124.9657859,127.1768534,129.9317396,128.6598278,137.8928908,138.164675,127.6750607,133.2238123
238,F,2029,2029,Las Vegas 110,0,F,EtaMes,117.2655922,130.1251916,127.8299661,113.9669023,128.4685686,130.6711724,133.5006773,132.2394014,141.7390771,138.805637,128.2272813,133.82742
239,F,2030,2030,Las Vegas 110,0,F,EtaMes,117.7835546,130.6468033,128.3436334,114.2441933,129.0483027,131.1950937,134.0379402,132.8173525,142.3686997,138.530297,127.922464,133.5354581
240,F,2031,*,Las Vegas 110,0,F,EtaMes,117.5151235,130.2771894,127.9799571,113.7477447,128.756168,130.8336023,133.6775064,132.5119633,142.0535474,140.0909371,129.3114824,135.0077821
241,F,2017,2017,Los Almendros 110,0,F,EtaMes,59.00660222,64.44707711,63.96675332,65.98502381,65.49696728,63.8515724,55.83575139,65.26672296,68.40862006,91.62038032,83.11745869,91.43362777
242,F,2018,2018,Los Almendros 110,0,F,EtaMes,81.36008675,85.8149237,84.39789859,87.6339986,87.06181931,83.61785332,76.21734061,86.2328519,90.45694181,96.63087393,87.63528859,96.35977177
243,F,2019,2019,Los Almendros 110,0,F,EtaMes,84.07545949,88.45219135,86.96410502,90.16271142,89.51048208,86.0070815,77.81995997,88.53328976,92.95571242,98.80583266,89.6109836,98.52962401
244,F,2020,2020,Los Almendros 110,0,F,EtaMes,85.99477266,90.47598491,88.95157894,92.21546025,91.52875283,87.9702595,79.39451358,90.51442877,95.05488961,99.1308894,89.88307125,98.83019871
245,F,2021,2021,Los Almendros 110,0,F,EtaMes,86.13975886,90.61400555,89.09394043,92.3758368,91.72518342,88.11921318,79.85342135,90.74206312,95.2515019,101.6893309,92.21445919,101.3908578
246,F,2022,2022,Los Almendros 110,0,F,EtaMes,88.44385933,93.04937479,91.48271929,94.8372971,94.13424841,90.47332326,81.62179674,93.09302594,97.75823275,104.0354285,94.35019789,103.7373598
247,F,2023,2023,Los Almendros 110,0,F,EtaMes,90.55650194,95.27963101,93.67058192,97.09254157,96.3438454,92.63120921,83.26158814,95.25187526,100.0558879,106.1369258,96.2617769,105.837744
248,F,2024,2024,Los Almendros 110,0,F,EtaMes,92.43973807,97.26637686,95.61984333,99.10253679,98.31621218,94.55356184,84.74618509,97.18129829,102.1064817,108.9970258,98.85552666,108.6904838
249,F,2025,2025,Los Almendros 110,0,F,EtaMes,94.95822806,99.93027396,98.23947019,101.8105796,100.9821523,97.14887846,86.84461117,99.79083067,104.8628276,112.3971034,101.9386037,112.0840843
250,F,2026,2026,Los Almendros 110,0,F,EtaMes,97.95261093,103.104006,101.3612563,105.0368291,104.1565829,100.2395506,89.33694643,102.894307,108.1409924,115.6187032,104.8589598,115.3010408
251,F,2027,2027,Los Almendros 110,0,F,EtaMes,100.7961895,106.1227646,104.3316862,108.1069065,107.1801997,103.1826362,91.70836849,105.8432527,111.2533908,118.9455562,107.878626,118.6281031
252,F,2028,2028,Los Almendros 110,0,F,EtaMes,103.7600444,109.272354,107.4292198,111.3052256,110.3246174,106.2481861,94.11977364,108.9028915,114.4904388,122.2467906,110.8734058,121.9286903
253,F,2029,2029,Los Almendros 110,0,F,EtaMes,106.6968522,112.393911,110.4999856,114.4767268,113.4449171,109.2888561,96.52647214,111.9387951,117.6990866,121.7912996,110.4772432,121.5595764
254,F,2030,2030,Los Almendros 110,0,F,EtaMes,106.6121932,112.4305546,110.5352847,114.4762418,113.4364932,109.2687301,96.10156494,111.7765803,117.556351,120.7025839,109.5063788,120.5624619
255,F,2031,*,Los Almendros 110,0,F,EtaMes,105.9812722,111.896293,110.009716,113.8948638,112.8603254,108.6913107,95.22326695,111.049152,116.8149204,121.9361824,110.6283102,121.8290644
256,F,2017,2017,Los Vilos 220,0,F,EtaMes,5.416750736,5.368017451,5.515757787,5.098575363,5.592739395,5.337868748,5.21527532,5.422309067,5.712314249,5.674312297,5.434535405,5.565999583
257,F,2018,2018,Los Vilos 220,0,F,EtaMes,5.715833556,5.678656307,5.823000309,5.38309989,5.908764104,5.637712533,5.506305011,5.720923863,6.028034077,5.996935737,5.749112791,5.890343026
258,F,2019,2019,Los Vilos 220,0,F,EtaMes,6.044804391,6.015585225,6.159909041,5.695089631,6.2539655,5.965739658,5.825107239,6.049339684,6.375023894,6.168887828,5.92312586,6.073726557
259,F,2020,2020,Los Vilos 220,0,F,EtaMes,6.225985269,6.212170738,6.346439262,5.869533642,6.449721123,6.149770339,6.000783907,6.227235234,6.564983078,6.000504269,5.769840966,5.920623239
260,F,2021,2021,Los Vilos 220,0,F,EtaMes,6.062747204,6.06428131,6.182150692,5.718995479,6.288247291,5.993526533,5.84518594,6.061588365,6.392278555,6.279910028,6.045613542,6.207070384
261,F,2022,2022,Los Vilos 220,0,F,EtaMes,6.350744915,6.365029324,6.477592427,5.99350421,6.593412052,6.282456505,6.124294566,6.347497608,6.695426993,6.529341133,6.291278942,6.461979463
262,F,2023,2023,Los Vilos 220,0,F,EtaMes,6.607413303,6.632151575,6.740778582,6.237944486,6.864916493,6.53965865,6.372959089,6.602473496,6.965647436,6.729007775,6.49045884,6.670182557
263,F,2024,2024,Los Vilos 220,0,F,EtaMes,6.815171443,6.852728158,6.954221013,6.436832774,7.086910318,6.74919253,6.57432221,6.807731505,7.183950173,6.977665593,6.735260122,6.924259558
264,F,2025,2025,Los Vilos 220,0,F,EtaMes,7.071057504,7.118832236,7.216506435,6.68050048,7.357486289,7.005505541,6.822061176,7.061812227,7.453266968,7.272489564,7.026314124,7.226815269
265,F,2026,2026,Los Vilos 220,0,F,EtaMes,7.375171551,7.436476552,7.528363545,6.970418526,7.679767224,7.310558644,7.116534851,7.363437336,7.773217385,7.558572322,7.307274272,7.518040625
266,F,2027,2027,Los Vilos 220,0,F,EtaMes,7.668975607,7.740823229,7.829382256,7.24991853,7.989830895,7.604474626,7.400917523,7.655430972,8.082531456,7.874327917,7.617757853,7.840438442
267,F,2028,2028,Los Vilos 220,0,F,EtaMes,7.993886126,8.077980767,8.162113967,7.559204539,8.333032084,7.929577247,7.71498245,7.97772952,8.424269408,8.180978926,7.91933144,8.153543711
268,F,2029,2029,Los Vilos 220,0,F,EtaMes,8.30941089,8.405486423,8.485283841,7.859566015,8.666362203,8.245337757,8.020062427,8.290784627,8.756179335,8.295912009,8.035192658,8.275560422
269,F,2030,2030,Los Vilos 220,0,F,EtaMes,8.430256328,8.535804239,8.60950842,7.975758201,8.796523507,8.367776075,8.136987099,8.409402495,8.882815179,8.351883257,8.093922794,8.338753487
270,F,2031,*,Los Vilos 220,0,F,EtaMes,8.491190221,8.60541568,8.672524476,8.035263188,8.864148237,8.430723029,8.196044612,8.468227971,8.946303864,8.505753451,8.247196269,8.499230324
271,F,2017,2017,Maitencillo 220,0,F,EtaMes,99.22940343,94.50874866,101.3145014,101.7306126,102.2589282,100.6772083,102.5588705,96.24786182,98.08795533,100.5934293,103.0134509,103.5296219
272,F,2018,2018,Maitencillo 220,0,F,EtaMes,102.2324448,97.2483093,104.436494,104.8757547,105.4299918,103.7613884,105.7882081,99.24984255,101.1200892,102.0530754,105.8914277,106.4351141
273,F,2019,2019,Maitencillo 220,0,F,EtaMes,105.0633581,99.76793696,107.4132165,107.8795871,108.4559329,106.6871876,108.8953087,102.1300033,104.0068542,101.140866,106.4427869,107.0061126
274,F,2020,2020,Maitencillo 220,0,F,EtaMes,105.5820633,100.0722777,108.0310849,108.5161474,109.1095551,107.2711852,109.6279617,102.773627,104.6188044,95.25390285,101.4744811,102.03232
275,F,2021,2021,Maitencillo 220,0,F,EtaMes,100.6267413,95.21552252,103.0232752,103.4999381,104.096197,102.2863691,104.654186,98.05854199,99.80411069,96.41688611,104.0447009,104.6282979
276,F,2022,2022,Maitencillo 220,0,F,EtaMes,103.152659,97.44586179,105.6885415,106.1909364,106.8067667,104.9023067,107.4445896,100.6424859,102.3883062,96.87642691,105.9448247,106.5525963
277,F,2023,2023,Maitencillo 220,0,F,EtaMes,105.0114288,99.03339995,107.6735429,108.1994789,108.8356424,106.8433839,109.5539216,102.5823177,104.3189956,96.69910766,107.1401617,107.7687026
278,F,2024,2024,Maitencillo 220,0,F,EtaMes,106.1714457,99.96225056,108.9408566,109.486872,110.1408257,108.0736017,110.9345499,103.838499,105.5565163,97.2088786,109.0119741,109.6653928
279,F,2025,2025,Maitencillo 220,0,F,EtaMes,108.0025603,101.5316962,110.8908459,111.4596746,112.137774,109.984403,113.0081487,105.7429231,107.4584335,98.48028428,111.7451554,112.4285191
280,F,2026,2026,Maitencillo 220,0,F,EtaMes,110.6870312,103.9027215,113.7175988,114.3137864,115.0210168,112.7644251,115.9752191,108.483581,110.2094899,99.48550179,114.1760782,114.8880272
281,F,2027,2027,Maitencillo 220,0,F,EtaMes,113.0716752,105.9916477,116.2356431,116.8576325,117.5936018,115.2391702,118.6291741,110.9299474,112.6632092,100.9253164,117.1456299,117.8889592
282,F,2028,2028,Maitencillo 220,0,F,EtaMes,115.9897762,108.577253,119.3053792,119.956352,120.7220751,118.2584774,121.8455042,113.9036776,115.6485576,102.3317816,120.0212705,120.7952624
283,F,2029,2029,Maitencillo 220,0,F,EtaMes,118.8153435,111.0817962,122.2764037,122.9553512,123.7512482,121.1817403,124.959226,116.7815109,118.539562,101.3997585,120.1435329,120.9305952
284,F,2030,2030,Maitencillo 220,0,F,EtaMes,118.9153759,111.0391954,122.4417367,123.133026,123.9412154,121.3249182,125.205608,116.9795301,118.711166,99.73597144,119.3906635,120.1855905
285,F,2031,*,Maitencillo 220,0,F,EtaMes,118.1490196,110.1878322,121.7138947,122.4125083,123.2286113,120.5841814,124.5399936,116.3242731,118.0187136,99.43728163,120.1872022,120.9999261
286,F,2017,2017,Melipilla 220,0,F,EtaMes,4.714224354,4.820509228,5.266662749,5.31213397,5.170305068,4.716104609,5.323550411,5.472884789,5.699757667,6.129408897,6.317508565,6.615460626
287,F,2018,2018,Melipilla 220,0,F,EtaMes,5.46133177,5.350911912,5.825569413,5.895076642,5.743170726,5.297322635,6.001863814,6.398169101,6.680653878,6.955665907,7.158886958,7.528590298
288,F,2019,2019,Melipilla 220,0,F,EtaMes,5.80689059,5.789078998,6.349968094,6.411175565,6.203070297,5.623121048,6.379261238,6.698128879,6.966230796,7.064967386,7.271209822,7.638758462
289,F,2020,2020,Melipilla 220,0,F,EtaMes,5.89113228,5.872978029,6.441337049,6.503165614,6.293749248,5.70816026,6.475157416,6.79902113,7.073072364,7.158956722,7.370110845,7.731212406
290,F,2021,2021,Melipilla 220,0,F,EtaMes,5.961066723,5.942168863,6.518172306,6.578981419,6.368734562,5.779035697,6.55608501,6.884078568,7.164611598,7.254845111,7.467377926,7.824243961
291,F,2022,2022,Melipilla 220,0,F,EtaMes,6.031511749,6.011353586,6.594067682,6.655391931,6.444411484,5.850183003,6.636162073,6.969659125,7.25677586,7.345543575,7.561923306,7.91523333
292,F,2023,2023,Melipilla 220,0,F,EtaMes,6.101553617,6.082381937,6.670069257,6.731872966,6.520533053,5.923319373,6.718339217,7.054507222,7.345782573,7.429988964,7.650012004,7.999348923
293,F,2024,2024,Melipilla 220,0,F,EtaMes,6.166118699,6.147635879,6.740192006,6.802257815,6.590612932,5.990640163,6.794101159,7.132941854,7.42843567,7.746683514,7.959367491,8.266523945
294,F,2025,2025,Melipilla 220,0,F,EtaMes,6.376487769,6.352624777,6.958522922,7.023744544,6.818380325,6.216969785,7.05047695,7.40337339,7.720597705,7.95300613,8.174284356,8.472308585
295,F,2026,2026,Melipilla 220,0,F,EtaMes,6.534068398,6.510378863,7.130180607,7.195336812,6.988381263,6.37839854,7.233241099,7.593869486,7.922408964,8.143184975,8.373794608,8.657818019
296,F,2027,2027,Melipilla 220,0,F,EtaMes,6.67593204,6.653088032,7.284683772,7.349207871,7.142131062,6.526950665,7.401267682,7.767999409,8.107510694,8.325544106,8.565001471,8.834980046
297,F,2028,2028,Melipilla 220,0,F,EtaMes,6.811381105,6.789387576,7.432075998,7.496031576,7.289035736,6.669218863,7.562075838,7.934635438,8.284760673,8.509703924,8.759051272,9.013674178
298,F,2029,2029,Melipilla 220,0,F,EtaMes,6.948104371,6.92743273,7.581066621,7.644189464,7.437549047,6.813740113,7.725495507,8.103292636,8.463962683,8.516681667,8.77043184,9.005829636
299,F,2030,2030,Melipilla 220,0,F,EtaMes,6.941128251,6.922130139,7.573269377,7.63441291,7.432117342,6.816694038,7.728413599,8.10374232,8.467221235,8.484934468,8.741467935,8.953857438
300,F,2031,*,Melipilla 220,0,F,EtaMes,6.900060151,6.883061477,7.527692207,7.586791416,7.390664482,6.788026854,7.694944532,8.065937694,8.430922167,8.577939198,8.840935831,9.033055924
301,F,2017,2017,Pan de Azucar 220,0,F,EtaMes,55.56679965,59.5377271,57.08165471,59.64436529,58.61691438,56.32035379,57.55860122,58.40363568,58.27875547,50.23669412,47.41656786,53.77874075
302,F,2018,2018,Pan de Azucar 220,0,F,EtaMes,56.84986628,60.8977054,58.37869369,61.00432827,59.9641374,57.59358697,58.86274034,59.72333068,59.64162818,51.61743974,48.73660043,55.56241113
303,F,2019,2019,Pan de Azucar 220,0,F,EtaMes,58.79382182,62.96876372,60.3548547,63.0769915,62.01105178,59.55701645,60.8596621,61.74268813,61.69007884,50.73806431,47.93600052,55.11622368
304,F,2020,2020,Pan de Azucar 220,0,F,EtaMes,58.38648618,62.51209802,59.90659,62.62024198,61.57554163,59.11171896,60.41085257,61.28344186,61.28703301,47.4410095,44.85253121,52.01062806
305,F,2021,2021,Pan de Azucar 220,0,F,EtaMes,55.11885863,58.99173227,56.52847264,59.09959009,58.12378696,55.74399094,57.0027667,57.83129042,57.89225534,47.75773446,45.17585082,52.78897905
306,F,2022,2022,Pan de Azucar 220,0,F,EtaMes,56.01515169,59.9349602,57.42124566,60.04290194,59.06397121,56.6346925,57.90733964,58.74204805,58.84904217,48.17241177,45.58747256,53.5972975
307,F,2023,2023,Pan de Azucar 220,0,F,EtaMes,56.93187594,60.90302416,58.33953745,61.01119976,60.02661463,57.55016055,58.83715609,59.67927818,59.82401862,47.86194191,45.31887341,53.68927596
308,F,2024,2024,Pan de Azucar 220,0,F,EtaMes,57.09248733,61.05821725,58.47819628,61.16617928,60.19101375,57.69090892,58.98058161,59.8196257,60.01075622,48.3329425,45.78338641,54.54952989
309,F,2025,2025,Pan de Azucar 220,0,F,EtaMes,58.05572877,62.07601239,59.4455734,62.1852189,61.20274178,58.64807431,59.95859113,60.80765034,61.03653289,48.69220591,46.14820712,55.39814395
310,F,2026,2026,Pan de Azucar 220,0,F,EtaMes,59.02032983,63.09089415,60.40827956,63.20149022,62.21452011,59.59821973,60.93186191,61.79039311,62.069341,49.41418867,46.84927152,56.54377534
311,F,2027,2027,Pan de Azucar 220,0,F,EtaMes,60.28830705,64.43466044,61.68833574,64.54687645,63.54728537,60.86176656,62.22408293,63.09742931,63.41571986,50.07391019,47.49435852,57.67918047
312,F,2028,2028,Pan de Azucar 220,0,F,EtaMes,61.55630635,65.77640472,62.96490821,65.88983322,64.8793734,62.12380108,63.51329183,64.40028396,64.76386514,50.71228399,48.1187163,58.78195127
313,F,2029,2029,Pan de Azucar 220,0,F,EtaMes,62.78742588,67.07898197,64.20434665,67.19367998,66.17265974,63.34815726,64.76477275,65.66522875,66.07321604,50.12013488,47.56265922,58.45027673
314,F,2030,2030,Pan de Azucar 220,0,F,EtaMes,62.49956079,66.76149503,63.89728145,66.8719066,65.86345649,63.0341545,64.44658414,65.34030098,65.78243573,49.18751063,46.68251943,57.71800084
315,F,2031,*,Pan de Azucar 220,0,F,EtaMes,61.78088683,65.98393292,63.15073358,66.08948562,65.10014018,62.28293362,63.68392305,64.56562933,65.03897884,48.9752409,46.49279332,57.80019678
316,F,2017,2017,Polpaico 220,0,F,EtaMes,171.5920087,181.8058797,175.1643089,186.5854024,166.8993361,160.1629952,181.3880091,143.6959688,161.4759235,177.9190237,165.3222776,200.4550063
317,F,2018,2018,Polpaico 220,0,F,EtaMes,185.6262675,196.6669071,189.5190838,201.8802442,180.5037924,173.1374749,196.1632365,155.4671762,174.6275644,188.6650214,175.3422069,212.7416973
318,F,2019,2019,Polpaico 220,0,F,EtaMes,197.0200824,208.7627862,201.2211611,214.3694706,191.5096919,183.6704788,208.2134334,164.8430756,185.1958253,195.3312539,181.5515807,220.3297884
319,F,2020,2020,Polpaico 220,0,F,EtaMes,204.0519013,216.2254441,208.4345076,222.0643891,198.3189425,190.1942806,215.655413,170.6542431,191.7458794,192.9444385,179.3101116,217.5235511
320,F,2021,2021,Polpaico 220,0,F,EtaMes,201.4523593,213.4445134,205.7123411,219.1455647,195.8209827,187.8011729,212.866087,168.6156398,189.3975496,202.292623,188.0258596,228.2134
321,F,2022,2022,Polpaico 220,0,F,EtaMes,211.3616491,223.9694097,215.8999609,230.0204607,205.3991934,196.9725903,223.3612966,176.7566456,198.5858511,210.3381158,195.5235543,237.3769954
322,F,2023,2023,Polpaico 220,0,F,EtaMes,219.8520698,232.9824372,224.6159523,239.3196157,213.6233695,204.8546152,232.3548084,183.7607934,206.4932537,217.3289816,202.0376626,245.3363746
323,F,2024,2024,Polpaico 220,0,F,EtaMes,227.2271743,240.8103121,232.1841861,247.3935913,220.7671048,211.7005446,240.1641204,189.8499617,213.3642738,226.2182949,210.319294,255.4967069
324,F,2025,2025,Polpaico 220,0,F,EtaMes,236.6575293,250.8200962,241.8409179,257.6928472,229.8917396,220.4338802,250.1071163,197.6293935,222.1213692,237.0359972,220.3915247,267.7781948
325,F,2026,2026,Polpaico 220,0,F,EtaMes,248.0413151,262.890489,253.4923615,270.1166878,240.9207306,230.999895,262.1344464,207.0795788,232.7549085,247.4317888,230.0699849,279.5697694
326,F,2027,2027,Polpaico 220,0,F,EtaMes,258.9714132,274.4764976,264.6717468,282.0354527,251.5128497,241.1476543,273.677253,216.1662534,242.9752946,258.8133905,240.6698507,292.4994496
327,F,2028,2028,Polpaico 220,0,F,EtaMes,270.9566375,287.1855738,276.9421148,295.1205801,263.1222295,252.2692017,286.3414979,226.1071473,254.1653499,269.9823546,251.0702405,305.17487
328,F,2029,2029,Polpaico 220,0,F,EtaMes,282.7060589,299.6414864,288.9635321,307.9382395,274.5070225,263.1764608,298.7523743,235.8663819,265.1471322,274.8263474,255.5850736,310.6891323
329,F,2030,2030,Polpaico 220,0,F,EtaMes,287.8210281,305.063446,294.1976886,313.5244371,279.4557992,267.9146844,304.15296,240.1005862,269.9149119,277.8393378,258.3937927,314.1179989
330,F,2031,*,Polpaico 220,0,F,EtaMes,291.0034321,308.4342208,297.448814,316.9952535,282.5334151,270.8600683,307.5080404,242.7391926,272.8830522,284.0577361,264.1804518,321.1521513
331,F,2017,2017,Puerto Montt 220,0,F,EtaMes,2.745791637,3.892837985,3.892837985,3.892837985,3.892837985,3.892837985,5.353937712,5.353937712,5.353937712,3.487650463,3.487650463,3.487650463
332,F,2018,2018,Puerto Montt 220,0,F,EtaMes,3.487650463,3.487650463,3.487650463,3.487650463,3.487650463,3.487650463,3.487650463,3.487650463,3.487650463,3.573303022,3.573303022,3.573303022
333,F,2019,2019,Puerto Montt 220,0,F,EtaMes,3.573303022,3.573303022,3.573303022,3.573303022,3.573303022,3.573303022,3.573303022,3.573303022,3.573303022,3.643055619,3.643055619,3.643055619
334,F,2020,2020,Puerto Montt 220,0,F,EtaMes,3.643055619,3.643055619,3.643055619,3.643055619,3.643055619,3.643055619,3.643055619,3.643055619,3.643055619,3.709361854,3.709361854,3.709361854
335,F,2021,2021,Puerto Montt 220,0,F,EtaMes,3.709361854,3.709361854,3.709361854,3.709361854,3.709361854,3.709361854,3.709361854,3.709361854,3.709361854,3.776514721,3.776514721,3.776514721
336,F,2022,2022,Puerto Montt 220,0,F,EtaMes,3.776514721,3.776514721,3.776514721,3.776514721,3.776514721,3.776514721,3.776514721,3.776514721,3.776514721,3.833081577,3.833081577,3.833081577
337,F,2023,2023,Puerto Montt 220,0,F,EtaMes,3.833081577,3.833081577,3.833081577,3.833081577,3.833081577,3.833081577,3.833081577,3.833081577,3.833081577,3.887243028,3.887243028,3.887243028
338,F,2024,2024,Puerto Montt 220,0,F,EtaMes,3.887243028,3.887243028,3.887243028,3.887243028,3.887243028,3.887243028,3.887243028,3.887243028,3.887243028,3.986306027,3.986306027,3.986306027
339,F,2025,2025,Puerto Montt 220,0,F,EtaMes,3.986306027,3.986306027,3.986306027,3.986306027,3.986306027,3.986306027,3.986306027,3.986306027,3.986306027,4.111280645,4.111280645,4.111280645
340,F,2026,2026,Puerto Montt 220,0,F,EtaMes,4.111280645,4.111280645,4.111280645,4.111280645,4.111280645,4.111280645,4.111280645,4.111280645,4.111280645,4.230970367,4.230970367,4.230970367
341,F,2027,2027,Puerto Montt 220,0,F,EtaMes,4.230970367,4.230970367,4.230970367,4.230970367,4.230970367,4.230970367,4.230970367,4.230970367,4.230970367,4.345465727,4.345465727,4.345465727
342,F,2028,2028,Puerto Montt 220,0,F,EtaMes,4.345465727,4.345465727,4.345465727,4.345465727,4.345465727,4.345465727,4.345465727,4.345465727,4.345465727,4.460990104,4.460990104,4.460990104
343,F,2029,2029,Puerto Montt 220,0,F,EtaMes,4.460990104,4.460990104,4.460990104,4.460990104,4.460990104,4.460990104,4.460990104,4.460990104,4.460990104,4.439099031,4.439099031,4.439099031
344,F,2030,2030,Puerto Montt 220,0,F,EtaMes,4.439099031,4.439099031,4.439099031,4.439099031,4.439099031,4.439099031,4.439099031,4.439099031,4.439099031,4.398188763,4.398188763,4.398188763
345,F,2031,*,Puerto Montt 220,0,F,EtaMes,4.398188763,4.398188763,4.398188763,4.398188763,4.398188763,4.398188763,4.398188763,4.398188763,4.398188763,4.450963338,4.450963338,4.450963338
346,F,2017,2017,Punta Colorada 220,0,F,EtaMes,0,0,0,0,0,0,0,0,0,3.531035071,3.531035071,3.531035071
347,F,2018,2018,Punta Colorada 220,0,F,EtaMes,3.531035071,3.531035071,3.531035071,3.531035071,3.531035071,3.531035071,3.531035071,3.531035071,3.531035071,9.527349364,9.527349364,9.527349364
348,F,2019,2019,Punta Colorada 220,0,F,EtaMes,9.527349364,9.527349364,9.527349364,9.527349364,9.527349364,9.527349364,9.527349364,9.527349364,9.527349364,51.77126811,51.77126811,51.77126811
349,F,2020,2020,Punta Colorada 220,0,F,EtaMes,51.77126811,51.77126811,51.77126811,51.77126811,51.77126811,51.77126811,51.77126811,51.77126811,51.77126811,101.6220123,101.6220123,101.6220123
350,F,2021,2021,Punta Colorada 220,0,F,EtaMes,101.6220123,101.6220123,101.6220123,101.6220123,101.6220123,101.6220123,101.6220123,101.6220123,101.6220123,102.584508,102.584508,102.584508
351,F,2022,2022,Punta Colorada 220,0,F,EtaMes,102.584508,102.584508,102.584508,102.584508,102.584508,102.584508,102.584508,102.584508,102.584508,102.7678396,102.7678396,102.7678396
352,F,2023,2023,Punta Colorada 220,0,F,EtaMes,102.7678396,102.7678396,102.7678396,102.7678396,102.7678396,102.7678396,102.7678396,102.7678396,102.7678396,105.6077081,105.6077081,105.6077081
353,F,2024,2024,Punta Colorada 220,0,F,EtaMes,105.6077081,105.6077081,105.6077081,105.6077081,105.6077081,105.6077081,105.6077081,105.6077081,105.6077081,105.8586468,105.8586468,105.8586468
354,F,2025,2025,Punta Colorada 220,0,F,EtaMes,105.8586468,105.8586468,105.8586468,105.8586468,105.8586468,105.8586468,105.8586468,105.8586468,105.8586468,106.9386598,106.9386598,106.9386598
355,F,2026,2026,Punta Colorada 220,0,F,EtaMes,106.9386598,106.9386598,106.9386598,106.9386598,106.9386598,106.9386598,106.9386598,106.9386598,106.9386598,107.7255186,107.7255186,107.7255186
356,F,2027,2027,Punta Colorada 220,0,F,EtaMes,107.7255186,107.7255186,107.7255186,107.7255186,107.7255186,107.7255186,107.7255186,107.7255186,107.7255186,108.9809898,108.9809898,108.9809898
357,F,2028,2028,Punta Colorada 220,0,F,EtaMes,108.9809898,108.9809898,108.9809898,108.9809898,108.9809898,108.9809898,108.9809898,108.9809898,108.9809898,110.2094657,110.2094657,110.2094657
358,F,2029,2029,Punta Colorada 220,0,F,EtaMes,110.2094657,110.2094657,110.2094657,110.2094657,110.2094657,110.2094657,110.2094657,110.2094657,110.2094657,108.9201858,108.9201858,108.9201858
359,F,2030,2030,Punta Colorada 220,0,F,EtaMes,108.9201858,108.9201858,108.9201858,108.9201858,108.9201858,108.9201858,108.9201858,108.9201858,108.9201858,106.8424209,106.8424209,106.8424209
360,F,2031,*,Punta Colorada 220,0,F,EtaMes,106.8424209,106.8424209,106.8424209,106.8424209,106.8424209,106.8424209,106.8424209,106.8424209,106.8424209,106.2435119,106.2435119,106.2435119
361,F,2017,2017,Quillota 110,0,F,EtaMes,30.61958629,31.69301788,33.58411288,33.2426032,32.22105576,28.92536944,21.31428131,19.49522214,29.86635381,32.32371134,31.10353821,34.51101016
362,F,2018,2018,Quillota 110,0,F,EtaMes,31.83870259,32.95006433,34.89235983,34.5579955,33.49832551,30.08804905,22.21903045,20.32946074,31.03903944,32.81893772,31.57405269,35.02248239
363,F,2019,2019,Quillota 110,0,F,EtaMes,32.33441769,33.45575804,35.39208835,35.08535428,34.01136324,30.57275735,22.64890752,20.73188899,31.49564128,32.87856845,31.6346655,35.0873525
364,F,2020,2020,Quillota 110,0,F,EtaMes,32.39534789,33.51636962,35.44811223,35.14412745,34.07159579,30.63300434,22.70954643,20.7935417,31.555829,32.80979045,31.57269753,35.01613433
365,F,2021,2021,Quillota 110,0,F,EtaMes,32.32991293,33.44603701,35.36551112,35.06485701,33.99846291,30.57356397,22.68165179,20.77496263,31.4941283,32.71029158,31.4807156,34.91150009
366,F,2022,2022,Quillota 110,0,F,EtaMes,32.23442399,33.34429522,35.24777251,34.9518912,33.89338392,30.4867578,22.63740792,20.74216371,31.40234389,32.50915524,31.29147778,34.69790429
367,F,2023,2023,Quillota 110,0,F,EtaMes,32.03941723,33.13919358,35.01984137,34.73121935,33.68302211,30.30580305,22.52494146,20.64700327,31.21243994,32.28057047,31.07582351,34.455106
368,F,2024,2024,Quillota 110,0,F,EtaMes,31.81731558,32.9060837,34.7623441,34.48106736,33.44419515,30.09923307,22.39338703,20.53440652,30.99631046,32.32090562,31.12430519,34.52852088
369,F,2025,2025,Quillota 110,0,F,EtaMes,31.89101188,32.98352723,34.83591525,34.55476769,33.51504459,30.16345475,22.43927887,20.57559989,31.04731502,32.63928414,31.43666219,34.8724224
370,F,2026,2026,Quillota 110,0,F,EtaMes,32.20872711,33.30907342,35.1705721,34.88935319,33.84362769,30.46615835,22.68197693,20.80623238,31.35911952,32.88926342,31.68388809,35.14403082
371,F,2027,2027,Quillota 110,0,F,EtaMes,32.45903055,33.56487388,35.43208643,35.1507027,34.10118585,30.70463402,22.87575294,20.99224329,31.60619832,33.08275717,31.87678911,35.35523904
372,F,2028,2028,Quillota 110,0,F,EtaMes,32.65375418,33.76305001,35.63216148,35.35145311,34.30012934,30.89076837,23.03173458,21.14390095,31.79900282,33.25295063,32.04772628,35.54181536
373,F,2029,2029,Quillota 110,0,F,EtaMes,32.82572078,33.93752223,35.80691451,35.5272208,34.47483995,31.05531222,23.17214607,21.28162419,31.96980023,32.71234548,31.53351038,34.96840203
374,F,2030,2030,Quillota 110,0,F,EtaMes,32.29613463,33.38657395,35.21573091,34.94351885,33.91263366,30.55640716,22.81864235,20.96586682,31.45693306,32.03778383,30.89042078,34.25220351
375,F,2031,*,Quillota 110,0,F,EtaMes,31.63425572,32.6989002,34.48063781,34.21652802,33.21150348,29.93215322,22.3708976,20.56363629,30.81576207,31.8308068,30.69824269,34.03596031
376,F,2017,2017,Quillota 220,0,F,EtaMes,102.2122626,93.43577086,100.815043,103.8112094,99.16059028,98.12704299,103.9249185,96.09773148,97.34766649,101.7364752,76.39089763,82.41019413
377,F,2018,2018,Quillota 220,0,F,EtaMes,102.8280936,93.99872334,101.4224558,104.4366742,99.75803492,98.71826049,104.5510683,96.67672233,97.93418822,104.0212122,78.10643876,84.26091302
378,F,2019,2019,Quillota 220,0,F,EtaMes,105.1373455,96.1096905,103.7001407,106.7820506,101.9983413,100.9352162,106.8990137,98.84783038,100.1335357,101.0733777,75.89299738,81.87306133
379,F,2020,2020,Quillota 220,0,F,EtaMes,102.1578811,93.38605888,100.7614049,103.7559773,99.10783244,98.07483505,103.8696258,96.04660322,97.29587321,92.95605627,69.79794181,75.29773981
380,F,2021,2021,Quillota 220,0,F,EtaMes,93.95346195,85.88611503,92.66913839,95.42321312,91.14836625,90.19833009,95.52773443,88.33298794,89.48192759,92.74327193,69.63816836,75.12537687
381,F,2022,2022,Quillota 220,0,F,EtaMes,93.73839446,85.68951439,92.45701083,95.20478124,90.93971987,89.99185842,95.3090633,88.13078619,89.27709583,92.88910406,69.74766938,75.24350612
382,F,2023,2023,Quillota 220,0,F,EtaMes,93.88579135,85.82425499,92.60239283,95.35448392,91.08271604,90.13336415,95.45892995,88.26936552,89.41747764,91.35170646,68.59328318,73.99815892
383,F,2024,2024,Quillota 220,0,F,EtaMes,92.33189768,84.40378695,91.06974056,93.77628208,89.57521578,88.64157651,93.87899944,86.80842872,87.93753856,91.5489078,68.74135581,74.15789908
384,F,2025,2025,Quillota 220,0,F,EtaMes,92.53121496,84.58598979,91.26633322,93.97871736,89.7685822,88.83292747,94.08165645,86.99582246,88.12736972,91.25891779,68.52361092,73.92299677
385,F,2026,2026,Quillota 220,0,F,EtaMes,92.2381134,84.31805549,90.97723829,93.68103069,89.48423154,88.55154059,93.78364372,86.72025479,87.84821776,91.93040441,69.02781029,74.46692502
386,F,2027,2027,Quillota 220,0,F,EtaMes,92.91680499,84.93847099,91.64665231,94.37033932,90.14265996,89.20310624,94.47370737,87.35834576,88.49460832,92.38073045,69.36594673,74.83170526
387,F,2028,2028,Quillota 220,0,F,EtaMes,93.37196296,85.35454666,92.09558837,94.83261751,90.58422863,89.64007245,94.93649191,87.78627532,88.92810393,92.79821183,69.6794211,75.16988016
388,F,2029,2029,Quillota 220,0,F,EtaMes,93.79392386,85.74027574,92.51178115,95.26117931,90.99359137,90.04516842,95.36552314,88.18299372,89.32998241,91.1001624,68.40440622,73.79439921
389,F,2030,2030,Quillota 220,0,F,EtaMes,92.07765459,84.17137454,90.81897292,93.51806177,89.32856343,88.39749501,93.62049628,86.56939493,87.69539568,88.76557373,66.65143292,71.90329865
390,F,2031,*,Quillota 220,0,F,EtaMes,89.7180161,82.01434723,88.49159018,91.12151052,87.03937483,86.13216654,91.22131998,84.35091448,85.44805965,87.67854395,65.83521455,71.02276553
391,F,2017,2017,Rahue 220,0,F,EtaMes,1.811542163,1.811542163,1.811542163,1.811542163,1.811542163,1.811542163,1.811542163,1.811542163,1.811542163,1.424775021,1.424775021,1.424775021
392,F,2018,2018,Rahue 220,0,F,EtaMes,1.424775021,1.424775021,1.424775021,1.424775021,1.424775021,1.424775021,1.424775021,1.424775021,1.424775021,1.459379214,1.459379214,1.459379214
393,F,2019,2019,Rahue 220,0,F,EtaMes,1.459379214,1.459379214,1.459379214,1.459379214,1.459379214,1.459379214,1.459379214,1.459379214,1.459379214,1.48816301,1.48816301,1.48816301
394,F,2020,2020,Rahue 220,0,F,EtaMes,1.48816301,1.48816301,1.48816301,1.48816301,1.48816301,1.48816301,1.48816301,1.48816301,1.48816301,1.515705061,1.515705061,1.515705061
395,F,2021,2021,Rahue 220,0,F,EtaMes,1.515705061,1.515705061,1.515705061,1.515705061,1.515705061,1.515705061,1.515705061,1.515705061,1.515705061,1.543931941,1.543931941,1.543931941
396,F,2022,2022,Rahue 220,0,F,EtaMes,1.543931941,1.543931941,1.543931941,1.543931941,1.543931941,1.543931941,1.543931941,1.543931941,1.543931941,1.567382222,1.567382222,1.567382222
397,F,2023,2023,Rahue 220,0,F,EtaMes,1.567382222,1.567382222,1.567382222,1.567382222,1.567382222,1.567382222,1.567382222,1.567382222,1.567382222,1.589873484,1.589873484,1.589873484
398,F,2024,2024,Rahue 220,0,F,EtaMes,1.589873484,1.589873484,1.589873484,1.589873484,1.589873484,1.589873484,1.589873484,1.589873484,1.589873484,1.6315005,1.6315005,1.6315005
399,F,2025,2025,Rahue 220,0,F,EtaMes,1.6315005,1.6315005,1.6315005,1.6315005,1.6315005,1.6315005,1.6315005,1.6315005,1.6315005,1.68470545,1.68470545,1.68470545
400,F,2026,2026,Rahue 220,0,F,EtaMes,1.68470545,1.68470545,1.68470545,1.68470545,1.68470545,1.68470545,1.68470545,1.68470545,1.68470545,1.736328011,1.736328011,1.736328011
401,F,2027,2027,Rahue 220,0,F,EtaMes,1.736328011,1.736328011,1.736328011,1.736328011,1.736328011,1.736328011,1.736328011,1.736328011,1.736328011,1.786165838,1.786165838,1.786165838
402,F,2028,2028,Rahue 220,0,F,EtaMes,1.786165838,1.786165838,1.786165838,1.786165838,1.786165838,1.786165838,1.786165838,1.786165838,1.786165838,1.836526608,1.836526608,1.836526608
403,F,2029,2029,Rahue 220,0,F,EtaMes,1.836526608,1.836526608,1.836526608,1.836526608,1.836526608,1.836526608,1.836526608,1.836526608,1.836526608,1.844807131,1.844807131,1.844807131
404,F,2030,2030,Rahue 220,0,F,EtaMes,1.844807131,1.844807131,1.844807131,1.844807131,1.844807131,1.844807131,1.844807131,1.844807131,1.844807131,1.846307775,1.846307775,1.846307775
405,F,2031,*,Rahue 220,0,F,EtaMes,1.846307775,1.846307775,1.846307775,1.846307775,1.846307775,1.846307775,1.846307775,1.846307775,1.846307775,1.877210463,1.877210463,1.877210463
406,F,2017,2017,Rapel 220,0,F,EtaMes,3.299670069,3.298221258,3.846517687,3.732487974,3.439390966,3.323484174,4.137010686,3.839407772,4.492951167,7.911967447,7.46977441,8.235901609
407,F,2018,2018,Rapel 220,0,F,EtaMes,3.4507361,3.449771707,4.019645122,3.899523393,3.592806409,3.472015789,4.320209137,4.01328288,4.693198972,8.149281217,7.693031042,8.481952314
408,F,2019,2019,Rapel 220,0,F,EtaMes,3.542702095,3.541186722,4.129610091,4.00711817,3.692418883,3.568005967,4.44126356,4.122054737,4.823475216,8.356354019,7.887714406,8.696496233
409,F,2020,2020,Rapel 220,0,F,EtaMes,3.621152638,3.619075213,4.223911564,4.099543427,3.77806858,3.650495072,4.545564312,4.215159083,4.935516587,8.547922941,8.067913628,8.895090528
410,F,2021,2021,Rapel 220,0,F,EtaMes,3.695068138,3.692531322,4.312382716,4.186135788,3.858251404,3.727753859,4.643045386,4.302639044,5.040386831,8.733310964,8.242458108,9.08747377
411,F,2022,2022,Rapel 220,0,F,EtaMes,3.768913926,3.766037309,4.400126895,4.271814399,3.937482959,3.804155571,4.739092518,4.389625153,5.143979214,8.900749752,8.399898012,9.260977375
412,F,2023,2023,Rapel 220,0,F,EtaMes,3.832627923,3.829309457,4.476635322,4.346775906,4.006936315,3.87105326,4.823636185,4.465189823,5.234829474,9.060930267,8.550519428,9.426967632
413,F,2024,2024,Rapel 220,0,F,EtaMes,3.893672197,3.889935209,4.549911931,4.4185628,4.073444098,3.935116155,4.904583138,4.537571597,5.321825348,9.30542255,8.781138797,9.68121287
414,F,2025,2025,Rapel 220,0,F,EtaMes,3.99727625,3.993372383,4.671341665,4.536604277,4.182327207,4.040266834,5.035845418,4.658541556,5.464097452,9.62077119,9.078560437,10.00909956
415,F,2026,2026,Rapel 220,0,F,EtaMes,4.13041792,4.126276733,4.827514622,4.688459162,4.322421023,4.175546557,5.204788218,4.814079102,5.647157699,9.929836706,9.370018287,10.33040662
416,F,2027,2027,Rapel 220,0,F,EtaMes,4.260356792,4.255958121,4.980070474,4.836841752,4.459334922,4.307742316,5.369958378,4.965964415,5.826070302,10.23715888,9.659694931,10.64973208
417,F,2028,2028,Rapel 220,0,F,EtaMes,4.387569256,4.382824345,5.129933902,4.98276848,4.594068024,4.437784017,5.532723388,5.114987895,6.002160562,10.54789046,9.95258373,10.97259826
418,F,2029,2029,Rapel 220,0,F,EtaMes,4.516171262,4.511075285,5.281439922,5.13029645,4.730280482,4.569253029,5.697278028,5.265642758,6.180184576,10.63217029,10.03183802,11.05993988
419,F,2030,2030,Rapel 220,0,F,EtaMes,4.548348568,4.543035032,5.320048591,5.168115043,4.765315265,4.603001417,5.739911964,5.303785691,6.226011158,10.67927302,10.07600497,11.10859706
420,F,2031,*,Rapel 220,0,F,EtaMes,4.56448539,4.558966701,5.339929462,5.187751678,4.783590945,4.620558268,5.762374516,5.323245837,6.249943382,10.88228949,10.26731891,11.31948623
421,F,2017,2017,Temuco 220,0,F,EtaMes,6.247806045,6.006515852,5.838761295,5.37611096,6.020226169,5.85323893,5.975301458,6.173752932,6.426722781,6.515687385,6.39633211,6.599204478
422,F,2018,2018,Temuco 220,0,F,EtaMes,6.657577363,6.524208064,6.308341969,5.796940785,6.517390218,6.287500191,6.387512364,6.571574427,6.779790427,6.880072406,6.676443357,6.995812285
423,F,2019,2019,Temuco 220,0,F,EtaMes,6.748181629,6.591635817,6.37751048,5.861265629,6.585737697,6.361968036,6.470582067,6.660485746,6.881919483,7.002705927,6.795068067,7.116380282
424,F,2020,2020,Temuco 220,0,F,EtaMes,6.867810453,6.710680386,6.4918617,5.968393943,6.701318622,6.475035044,6.586655198,6.777205486,7.000625306,7.136249244,6.924515278,7.248078811
425,F,2021,2021,Temuco 220,0,F,EtaMes,6.996518588,6.836605172,6.612744439,6.079355622,6.826761132,6.596063456,6.710662115,6.904285472,7.130751072,7.247620804,7.032342352,7.356696101
426,F,2022,2022,Temuco 220,0,F,EtaMes,7.10554521,6.94597345,6.717788854,6.179035139,6.931151881,6.699240944,6.816950039,7.00983292,7.237646576,7.351527738,7.132842539,7.457905045
427,F,2023,2023,Temuco 220,0,F,EtaMes,7.206013677,7.045633154,6.813251971,6.268009951,7.028416875,6.794023306,6.914435333,7.10815873,7.33750862,7.450793197,7.228837095,7.554280675
428,F,2024,2024,Temuco 220,0,F,EtaMes,7.301878899,7.140822647,6.904369267,6.353018258,7.121171001,6.884465783,7.007536019,7.201925439,7.432629073,7.655217283,7.427377943,7.757193892
429,F,2025,2025,Temuco 220,0,F,EtaMes,7.499051317,7.332775693,7.089001283,6.521998178,7.313305835,7.069644976,7.197030958,7.396955866,7.633161937,7.912594952,7.677735346,8.013304039
430,F,2026,2026,Temuco 220,0,F,EtaMes,7.747747455,7.574609232,7.321931737,6.735531103,7.555059985,7.303101484,7.435927404,7.642735875,7.886288761,8.168958644,7.927431201,8.268101876
431,F,2027,2027,Temuco 220,0,F,EtaMes,7.994530274,7.813471176,7.551954057,6.945525111,7.795037717,7.534339342,7.672642893,7.887189169,8.138451831,8.414365178,8.166610309,8.511431221
432,F,2028,2028,Temuco 220,0,F,EtaMes,8.230559956,8.041927308,7.771915937,7.146597681,8.024168985,7.755407163,7.89916102,8.120822668,8.379379959,8.668103644,8.413955006,8.763011092
433,F,2029,2029,Temuco 220,0,F,EtaMes,8.474063424,8.277010085,7.998195086,7.352735647,8.260913875,7.983297129,8.132618331,8.362312487,8.62861734,8.715012186,8.467531467,8.802301904
434,F,2030,2030,Temuco 220,0,F,EtaMes,8.510798073,8.300445268,8.021844628,7.372378591,8.287643764,8.01157415,8.165575113,8.399923632,8.672507912,8.729352896,8.489999436,8.8084226
435,F,2031,*,Temuco 220,0,F,EtaMes,8.515336148,8.291730439,8.014557719,7.36356317,8.282375894,8.00917001,8.167486728,8.40578046,8.684001232,8.885710878,8.64583815,8.959758316
436,F,2017,2017,Valdivia 220,0,F,EtaMes,6.035829717,8.731055211,8.641455638,8.63042825,8.661075929,8.526122185,8.645374235,9.200611084,10.09892164,6.096700119,3.154972079,6.186286843
437,F,2018,2018,Valdivia 220,0,F,EtaMes,5.975738302,8.79212746,8.698499945,8.686976821,8.719002265,8.577981686,8.702594703,9.282792183,10.22148623,6.264958502,3.240081914,6.357077413
438,F,2019,2019,Valdivia 220,0,F,EtaMes,6.140577675,9.036572652,8.940298735,8.928449908,8.961380557,8.816374003,8.944509232,9.541106114,10.50633254,6.412433349,3.3141009,6.506789269
439,F,2020,2020,Valdivia 220,0,F,EtaMes,6.285032068,9.251353156,9.152741331,9.140604768,9.174335103,9.02580722,9.157054076,9.768138668,10.75680457,6.592321781,3.40130323,6.689500342
440,F,2021,2021,Valdivia 220,0,F,EtaMes,6.461109311,9.516167402,9.41460562,9.402105994,9.436845366,9.283874297,9.41904738,10.04841247,11.06665415,6.756280317,3.482093294,6.855991673
441,F,2022,2022,Valdivia 220,0,F,EtaMes,6.621648018,9.756331003,9.652122187,9.639296779,9.674941574,9.517983574,9.656679714,10.30244813,11.34722855,6.911464823,3.55718932,7.013615175
442,F,2023,2023,Valdivia 220,0,F,EtaMes,6.773539341,9.984898458,9.878140634,9.86500151,9.901518197,9.740720914,9.882809641,10.54437392,11.61471027,7.059378154,3.628827275,7.163851379
443,F,2024,2024,Valdivia 220,0,F,EtaMes,6.918316282,10.20270089,10.09351542,10.08007752,10.11742459,9.952970813,10.0982906,10.77489869,11.86957421,7.3225326,3.756982369,7.431117064
444,F,2025,2025,Valdivia 220,0,F,EtaMes,7.175919647,10.58955166,10.47606952,10.4621028,10.50091955,10.32999418,10.48103261,11.18426664,12.32201993,7.634950348,3.910743004,7.74836652
445,F,2026,2026,Valdivia 220,0,F,EtaMes,7.481813525,11.04734271,10.92881092,10.91422273,10.95476672,10.77623564,10.93399486,11.66852086,12.85690102,7.962590522,4.070329445,8.081124565
446,F,2027,2027,Valdivia 220,0,F,EtaMes,7.802543446,11.52896606,11.40508556,11.38983908,11.43221261,11.24562537,11.41050342,12.17817468,13.42018014,8.279148248,4.224539151,8.402626401
447,F,2028,2028,Valdivia 220,0,F,EtaMes,8.112425534,11.99427897,11.86523136,11.84934894,11.89348988,11.69912,11.8708752,12.67056638,13.96437647,8.614703894,4.386987552,8.743453817
448,F,2029,2029,Valdivia 220,0,F,EtaMes,8.440863131,12.48844819,12.35389103,12.33733053,12.38335602,12.18068773,12.35977583,13.19360898,14.54265692,8.763278904,4.45454959,8.894495978
449,F,2030,2030,Valdivia 220,0,F,EtaMes,8.586106943,12.71125324,12.57411765,12.5572398,12.60414726,12.39759536,12.58011521,13.42992657,14.80482543,8.881685693,4.506695863,9.014920649
450,F,2031,*,Valdivia 220,0,F,EtaMes,8.701789146,12.89037278,12.75112829,12.7339909,12.7816197,12.57189141,12.75721808,13.62009801,15.01614035,9.127957082,4.624049091,9.265118083
